,Mdp
0,backagon3033
1,backqgon3033
2,bqckagon3033
3,bqckqgon3033
4,backagon2033
5,backqgon2033
6,bqckagon2033
7,bqckqgon2033
8,backagon3023
9,backqgon3023
10,bqckagon3023
11,bqckqgon3023
12,backagon2023
13,backqgon2023
14,bqckagon2023
15,bqckqgon2023
16,backagon3032
17,backqgon3032
18,bqckagon3032
19,bqckqgon3032
20,backagon2032
21,backqgon2032
22,bqckagon2032
23,bqckqgon2032
24,backagon3022
25,backqgon3022
26,bqckagon3022
27,bqckqgon3022
28,backagon2022
29,backqgon2022
30,bqckagon2022
31,bqckqgon2022
32,hackagon3033
33,hackqgon3033
34,hqckagon3033
35,hqckqgon3033
36,hackagon2033
37,hackqgon2033
38,hqckagon2033
39,hqckqgon2033
40,hackagon3023
41,hackqgon3023
42,hqckagon3023
43,hqckqgon3023
44,hackagon2023
45,hackqgon2023
46,hqckagon2023
47,hqckqgon2023
48,hackagon3032
49,hackqgon3032
50,hqckagon3032
51,hqckqgon3032
52,hackagon2032
53,hackqgon2032
54,hqckagon2032
55,hqckqgon2032
56,hackagon3022
57,hackqgon3022
58,hqckagon3022
59,hqckqgon3022
60,hackagon2022
61,hackqgon2022
62,hqckagon2022
63,hqckqgon2022
64,backagon3SUPPR+33
65,backqgon3SUPPR+33
66,bqckagon3SUPPR+33
67,bqckqgon3SUPPR+33
68,backagon2SUPPR+33
69,backqgon2SUPPR+33
70,bqckagon2SUPPR+33
71,bqckqgon2SUPPR+33
72,backagon3SUPPR+23
73,backqgon3SUPPR+23
74,bqckagon3SUPPR+23
75,bqckqgon3SUPPR+23
76,backagon2SUPPR+23
77,backqgon2SUPPR+23
78,bqckagon2SUPPR+23
79,bqckqgon2SUPPR+23
80,backagon3SUPPR+32
81,backqgon3SUPPR+32
82,bqckagon3SUPPR+32
83,bqckqgon3SUPPR+32
84,backagon2SUPPR+32
85,backqgon2SUPPR+32
86,bqckagon2SUPPR+32
87,bqckqgon2SUPPR+32
88,backagon3SUPPR+22
89,backqgon3SUPPR+22
90,bqckagon3SUPPR+22
91,bqckqgon3SUPPR+22
92,backagon2SUPPR+22
93,backqgon2SUPPR+22
94,bqckagon2SUPPR+22
95,bqckqgon2SUPPR+22
96,hackagon3SUPPR+33
97,hackqgon3SUPPR+33
98,hqckagon3SUPPR+33
99,hqckqgon3SUPPR+33
100,hackagon2SUPPR+33
101,hackqgon2SUPPR+33
102,hqckagon2SUPPR+33
103,hqckqgon2SUPPR+33
104,hackagon3SUPPR+23
105,hackqgon3SUPPR+23
106,hqckagon3SUPPR+23
107,hqckqgon3SUPPR+23
108,hackagon2SUPPR+23
109,hackqgon2SUPPR+23
110,hqckagon2SUPPR+23
111,hqckqgon2SUPPR+23
112,hackagon3SUPPR+32
113,hackqgon3SUPPR+32
114,hqckagon3SUPPR+32
115,hqckqgon3SUPPR+32
116,hackagon2SUPPR+32
117,hackqgon2SUPPR+32
118,hqckagon2SUPPR+32
119,hqckqgon2SUPPR+32
120,hackagon3SUPPR+22
121,hackqgon3SUPPR+22
122,hqckagon3SUPPR+22
123,hqckqgon3SUPPR+22
124,hackagon2SUPPR+22
125,hackqgon2SUPPR+22
126,hqckagon2SUPPR+22
127,hqckqgon2SUPPR+22
128,backagon3031
129,backqgon3031
130,bqckagon3031
131,bqckqgon3031
132,backagon2031
133,backqgon2031
134,bqckagon2031
135,bqckqgon2031
136,backagon3021
137,backqgon3021
138,bqckagon3021
139,bqckqgon3021
140,backagon2021
141,backqgon2021
142,bqckagon2021
143,bqckqgon2021
144,hackagon3031
145,hackqgon3031
146,hqckagon3031
147,hqckqgon3031
148,hackagon2031
149,hackqgon2031
150,hqckagon2031
151,hqckqgon2031
152,hackagon3021
153,hackqgon3021
154,hqckagon3021
155,hqckqgon3021
156,hackagon2021
157,hackqgon2021
158,hqckagon2021
159,hqckqgon2021
160,backagon3SUPPR+31
161,backqgon3SUPPR+31
162,bqckagon3SUPPR+31
163,bqckqgon3SUPPR+31
164,backagon2SUPPR+31
165,backqgon2SUPPR+31
166,bqckagon2SUPPR+31
167,bqckqgon2SUPPR+31
168,backagon3SUPPR+21
169,backqgon3SUPPR+21
170,bqckagon3SUPPR+21
171,bqckqgon3SUPPR+21
172,backagon2SUPPR+21
173,backqgon2SUPPR+21
174,bqckagon2SUPPR+21
175,bqckqgon2SUPPR+21
176,hackagon3SUPPR+31
177,hackqgon3SUPPR+31
178,hqckagon3SUPPR+31
179,hqckqgon3SUPPR+31
180,hackagon2SUPPR+31
181,hackqgon2SUPPR+31
182,hqckagon2SUPPR+31
183,hqckqgon2SUPPR+31
184,hackagon3SUPPR+21
185,hackqgon3SUPPR+21
186,hqckagon3SUPPR+21
187,hqckqgon3SUPPR+21
188,hackagon2SUPPR+21
189,hackqgon2SUPPR+21
190,hqckagon2SUPPR+21
191,hqckqgon2SUPPR+21
192,backwgon3033
193,bqckwgon3033
194,backwgon2033
195,bqckwgon2033
196,backwgon3023
197,bqckwgon3023
198,backwgon2023
199,bqckwgon2023
200,backwgon3032
201,bqckwgon3032
202,backwgon2032
203,bqckwgon2032
204,backwgon3022
205,bqckwgon3022
206,backwgon2022
207,bqckwgon2022
208,hackwgon3033
209,hqckwgon3033
210,hackwgon2033
211,hqckwgon2033
212,hackwgon3023
213,hqckwgon3023
214,hackwgon2023
215,hqckwgon2023
216,hackwgon3032
217,hqckwgon3032
218,hackwgon2032
219,hqckwgon2032
220,hackwgon3022
221,hqckwgon3022
222,hackwgon2022
223,hqckwgon2022
224,backwgon3SUPPR+33
225,bqckwgon3SUPPR+33
226,backwgon2SUPPR+33
227,bqckwgon2SUPPR+33
228,backwgon3SUPPR+23
229,bqckwgon3SUPPR+23
230,backwgon2SUPPR+23
231,bqckwgon2SUPPR+23
232,backwgon3SUPPR+32
233,bqckwgon3SUPPR+32
234,backwgon2SUPPR+32
235,bqckwgon2SUPPR+32
236,backwgon3SUPPR+22
237,bqckwgon3SUPPR+22
238,backwgon2SUPPR+22
239,bqckwgon2SUPPR+22
240,hackwgon3SUPPR+33
241,hqckwgon3SUPPR+33
242,hackwgon2SUPPR+33
243,hqckwgon2SUPPR+33
244,hackwgon3SUPPR+23
245,hqckwgon3SUPPR+23
246,hackwgon2SUPPR+23
247,hqckwgon2SUPPR+23
248,hackwgon3SUPPR+32
249,hqckwgon3SUPPR+32
250,hackwgon2SUPPR+32
251,hqckwgon2SUPPR+32
252,hackwgon3SUPPR+22
253,hqckwgon3SUPPR+22
254,hackwgon2SUPPR+22
255,hqckwgon2SUPPR+22
256,backwgon3031
257,bqckwgon3031
258,backwgon2031
259,bqckwgon2031
260,backwgon3021
261,bqckwgon3021
262,backwgon2021
263,bqckwgon2021
264,hackwgon3031
265,hqckwgon3031
266,hackwgon2031
267,hqckwgon2031
268,hackwgon3021
269,hqckwgon3021
270,hackwgon2021
271,hqckwgon2021
272,backwgon3SUPPR+31
273,bqckwgon3SUPPR+31
274,backwgon2SUPPR+31
275,bqckwgon2SUPPR+31
276,backwgon3SUPPR+21
277,bqckwgon3SUPPR+21
278,backwgon2SUPPR+21
279,bqckwgon2SUPPR+21
280,hackwgon3SUPPR+31
281,hqckwgon3SUPPR+31
282,hackwgon2SUPPR+31
283,hqckwgon2SUPPR+31
284,hackwgon3SUPPR+21
285,hqckwgon3SUPPR+21
286,hackwgon2SUPPR+21
287,hqckwgon2SUPPR+21
288,bwckagon3033
289,bwckqgon3033
290,bwckagon2033
291,bwckqgon2033
292,bwckagon3023
293,bwckqgon3023
294,bwckagon2023
295,bwckqgon2023
296,bwckagon3032
297,bwckqgon3032
298,bwckagon2032
299,bwckqgon2032
300,bwckagon3022
301,bwckqgon3022
302,bwckagon2022
303,bwckqgon2022
304,hwckagon3033
305,hwckqgon3033
306,hwckagon2033
307,hwckqgon2033
308,hwckagon3023
309,hwckqgon3023
310,hwckagon2023
311,hwckqgon2023
312,hwckagon3032
313,hwckqgon3032
314,hwckagon2032
315,hwckqgon2032
316,hwckagon3022
317,hwckqgon3022
318,hwckagon2022
319,hwckqgon2022
320,bwckagon3SUPPR+33
321,bwckqgon3SUPPR+33
322,bwckagon2SUPPR+33
323,bwckqgon2SUPPR+33
324,bwckagon3SUPPR+23
325,bwckqgon3SUPPR+23
326,bwckagon2SUPPR+23
327,bwckqgon2SUPPR+23
328,bwckagon3SUPPR+32
329,bwckqgon3SUPPR+32
330,bwckagon2SUPPR+32
331,bwckqgon2SUPPR+32
332,bwckagon3SUPPR+22
333,bwckqgon3SUPPR+22
334,bwckagon2SUPPR+22
335,bwckqgon2SUPPR+22
336,hwckagon3SUPPR+33
337,hwckqgon3SUPPR+33
338,hwckagon2SUPPR+33
339,hwckqgon2SUPPR+33
340,hwckagon3SUPPR+23
341,hwckqgon3SUPPR+23
342,hwckagon2SUPPR+23
343,hwckqgon2SUPPR+23
344,hwckagon3SUPPR+32
345,hwckqgon3SUPPR+32
346,hwckagon2SUPPR+32
347,hwckqgon2SUPPR+32
348,hwckagon3SUPPR+22
349,hwckqgon3SUPPR+22
350,hwckagon2SUPPR+22
351,hwckqgon2SUPPR+22
352,bwckagon3031
353,bwckqgon3031
354,bwckagon2031
355,bwckqgon2031
356,bwckagon3021
357,bwckqgon3021
358,bwckagon2021
359,bwckqgon2021
360,hwckagon3031
361,hwckqgon3031
362,hwckagon2031
363,hwckqgon2031
364,hwckagon3021
365,hwckqgon3021
366,hwckagon2021
367,hwckqgon2021
368,bwckagon3SUPPR+31
369,bwckqgon3SUPPR+31
370,bwckagon2SUPPR+31
371,bwckqgon2SUPPR+31
372,bwckagon3SUPPR+21
373,bwckqgon3SUPPR+21
374,bwckagon2SUPPR+21
375,bwckqgon2SUPPR+21
376,hwckagon3SUPPR+31
377,hwckqgon3SUPPR+31
378,hwckagon2SUPPR+31
379,hwckqgon2SUPPR+31
380,hwckagon3SUPPR+21
381,hwckqgon3SUPPR+21
382,hwckagon2SUPPR+21
383,hwckqgon2SUPPR+21
384,bwckwgon3033
385,bwckwgon2033
386,bwckwgon3023
387,bwckwgon2023
388,bwckwgon3032
389,bwckwgon2032
390,bwckwgon3022
391,bwckwgon2022
392,hwckwgon3033
393,hwckwgon2033
394,hwckwgon3023
395,hwckwgon2023
396,hwckwgon3032
397,hwckwgon2032
398,hwckwgon3022
399,hwckwgon2022
400,bwckwgon3SUPPR+33
401,bwckwgon2SUPPR+33
402,bwckwgon3SUPPR+23
403,bwckwgon2SUPPR+23
404,bwckwgon3SUPPR+32
405,bwckwgon2SUPPR+32
406,bwckwgon3SUPPR+22
407,bwckwgon2SUPPR+22
408,hwckwgon3SUPPR+33
409,hwckwgon2SUPPR+33
410,hwckwgon3SUPPR+23
411,hwckwgon2SUPPR+23
412,hwckwgon3SUPPR+32
413,hwckwgon2SUPPR+32
414,hwckwgon3SUPPR+22
415,hwckwgon2SUPPR+22
416,bwckwgon3031
417,bwckwgon2031
418,bwckwgon3021
419,bwckwgon2021
420,hwckwgon3031
421,hwckwgon2031
422,hwckwgon3021
423,hwckwgon2021
424,bwckwgon3SUPPR+31
425,bwckwgon2SUPPR+31
426,bwckwgon3SUPPR+21
427,bwckwgon2SUPPR+21
428,hwckwgon3SUPPR+31
429,hwckwgon2SUPPR+31
430,hwckwgon3SUPPR+21
431,hwckwgon2SUPPR+21
432,backayon3033
433,backqyon3033
434,bqckayon3033
435,bqckqyon3033
436,backayon2033
437,backqyon2033
438,bqckayon2033
439,bqckqyon2033
440,backayon3023
441,backqyon3023
442,bqckayon3023
443,bqckqyon3023
444,backayon2023
445,backqyon2023
446,bqckayon2023
447,bqckqyon2023
448,backayon3032
449,backqyon3032
450,bqckayon3032
451,bqckqyon3032
452,backayon2032
453,backqyon2032
454,bqckayon2032
455,bqckqyon2032
456,backayon3022
457,backqyon3022
458,bqckayon3022
459,bqckqyon3022
460,backayon2022
461,backqyon2022
462,bqckayon2022
463,bqckqyon2022
464,hackayon3033
465,hackqyon3033
466,hqckayon3033
467,hqckqyon3033
468,hackayon2033
469,hackqyon2033
470,hqckayon2033
471,hqckqyon2033
472,hackayon3023
473,hackqyon3023
474,hqckayon3023
475,hqckqyon3023
476,hackayon2023
477,hackqyon2023
478,hqckayon2023
479,hqckqyon2023
480,hackayon3032
481,hackqyon3032
482,hqckayon3032
483,hqckqyon3032
484,hackayon2032
485,hackqyon2032
486,hqckayon2032
487,hqckqyon2032
488,hackayon3022
489,hackqyon3022
490,hqckayon3022
491,hqckqyon3022
492,hackayon2022
493,hackqyon2022
494,hqckayon2022
495,hqckqyon2022
496,backayon3SUPPR+33
497,backqyon3SUPPR+33
498,bqckayon3SUPPR+33
499,bqckqyon3SUPPR+33
500,backayon2SUPPR+33
501,backqyon2SUPPR+33
502,bqckayon2SUPPR+33
503,bqckqyon2SUPPR+33
504,backayon3SUPPR+23
505,backqyon3SUPPR+23
506,bqckayon3SUPPR+23
507,bqckqyon3SUPPR+23
508,backayon2SUPPR+23
509,backqyon2SUPPR+23
510,bqckayon2SUPPR+23
511,bqckqyon2SUPPR+23
512,backayon3SUPPR+32
513,backqyon3SUPPR+32
514,bqckayon3SUPPR+32
515,bqckqyon3SUPPR+32
516,backayon2SUPPR+32
517,backqyon2SUPPR+32
518,bqckayon2SUPPR+32
519,bqckqyon2SUPPR+32
520,backayon3SUPPR+22
521,backqyon3SUPPR+22
522,bqckayon3SUPPR+22
523,bqckqyon3SUPPR+22
524,backayon2SUPPR+22
525,backqyon2SUPPR+22
526,bqckayon2SUPPR+22
527,bqckqyon2SUPPR+22
528,hackayon3SUPPR+33
529,hackqyon3SUPPR+33
530,hqckayon3SUPPR+33
531,hqckqyon3SUPPR+33
532,hackayon2SUPPR+33
533,hackqyon2SUPPR+33
534,hqckayon2SUPPR+33
535,hqckqyon2SUPPR+33
536,hackayon3SUPPR+23
537,hackqyon3SUPPR+23
538,hqckayon3SUPPR+23
539,hqckqyon3SUPPR+23
540,hackayon2SUPPR+23
541,hackqyon2SUPPR+23
542,hqckayon2SUPPR+23
543,hqckqyon2SUPPR+23
544,hackayon3SUPPR+32
545,hackqyon3SUPPR+32
546,hqckayon3SUPPR+32
547,hqckqyon3SUPPR+32
548,hackayon2SUPPR+32
549,hackqyon2SUPPR+32
550,hqckayon2SUPPR+32
551,hqckqyon2SUPPR+32
552,hackayon3SUPPR+22
553,hackqyon3SUPPR+22
554,hqckayon3SUPPR+22
555,hqckqyon3SUPPR+22
556,hackayon2SUPPR+22
557,hackqyon2SUPPR+22
558,hqckayon2SUPPR+22
559,hqckqyon2SUPPR+22
560,backayon3031
561,backqyon3031
562,bqckayon3031
563,bqckqyon3031
564,backayon2031
565,backqyon2031
566,bqckayon2031
567,bqckqyon2031
568,backayon3021
569,backqyon3021
570,bqckayon3021
571,bqckqyon3021
572,backayon2021
573,backqyon2021
574,bqckayon2021
575,bqckqyon2021
576,hackayon3031
577,hackqyon3031
578,hqckayon3031
579,hqckqyon3031
580,hackayon2031
581,hackqyon2031
582,hqckayon2031
583,hqckqyon2031
584,hackayon3021
585,hackqyon3021
586,hqckayon3021
587,hqckqyon3021
588,hackayon2021
589,hackqyon2021
590,hqckayon2021
591,hqckqyon2021
592,backayon3SUPPR+31
593,backqyon3SUPPR+31
594,bqckayon3SUPPR+31
595,bqckqyon3SUPPR+31
596,backayon2SUPPR+31
597,backqyon2SUPPR+31
598,bqckayon2SUPPR+31
599,bqckqyon2SUPPR+31
600,backayon3SUPPR+21
601,backqyon3SUPPR+21
602,bqckayon3SUPPR+21
603,bqckqyon3SUPPR+21
604,backayon2SUPPR+21
605,backqyon2SUPPR+21
606,bqckayon2SUPPR+21
607,bqckqyon2SUPPR+21
608,hackayon3SUPPR+31
609,hackqyon3SUPPR+31
610,hqckayon3SUPPR+31
611,hqckqyon3SUPPR+31
612,hackayon2SUPPR+31
613,hackqyon2SUPPR+31
614,hqckayon2SUPPR+31
615,hqckqyon2SUPPR+31
616,hackayon3SUPPR+21
617,hackqyon3SUPPR+21
618,hqckayon3SUPPR+21
619,hqckqyon3SUPPR+21
620,hackayon2SUPPR+21
621,hackqyon2SUPPR+21
622,hqckayon2SUPPR+21
623,hqckqyon2SUPPR+21
624,backwyon3033
625,bqckwyon3033
626,backwyon2033
627,bqckwyon2033
628,backwyon3023
629,bqckwyon3023
630,backwyon2023
631,bqckwyon2023
632,backwyon3032
633,bqckwyon3032
634,backwyon2032
635,bqckwyon2032
636,backwyon3022
637,bqckwyon3022
638,backwyon2022
639,bqckwyon2022
640,hackwyon3033
641,hqckwyon3033
642,hackwyon2033
643,hqckwyon2033
644,hackwyon3023
645,hqckwyon3023
646,hackwyon2023
647,hqckwyon2023
648,hackwyon3032
649,hqckwyon3032
650,hackwyon2032
651,hqckwyon2032
652,hackwyon3022
653,hqckwyon3022
654,hackwyon2022
655,hqckwyon2022
656,backwyon3SUPPR+33
657,bqckwyon3SUPPR+33
658,backwyon2SUPPR+33
659,bqckwyon2SUPPR+33
660,backwyon3SUPPR+23
661,bqckwyon3SUPPR+23
662,backwyon2SUPPR+23
663,bqckwyon2SUPPR+23
664,backwyon3SUPPR+32
665,bqckwyon3SUPPR+32
666,backwyon2SUPPR+32
667,bqckwyon2SUPPR+32
668,backwyon3SUPPR+22
669,bqckwyon3SUPPR+22
670,backwyon2SUPPR+22
671,bqckwyon2SUPPR+22
672,hackwyon3SUPPR+33
673,hqckwyon3SUPPR+33
674,hackwyon2SUPPR+33
675,hqckwyon2SUPPR+33
676,hackwyon3SUPPR+23
677,hqckwyon3SUPPR+23
678,hackwyon2SUPPR+23
679,hqckwyon2SUPPR+23
680,hackwyon3SUPPR+32
681,hqckwyon3SUPPR+32
682,hackwyon2SUPPR+32
683,hqckwyon2SUPPR+32
684,hackwyon3SUPPR+22
685,hqckwyon3SUPPR+22
686,hackwyon2SUPPR+22
687,hqckwyon2SUPPR+22
688,backwyon3031
689,bqckwyon3031
690,backwyon2031
691,bqckwyon2031
692,backwyon3021
693,bqckwyon3021
694,backwyon2021
695,bqckwyon2021
696,hackwyon3031
697,hqckwyon3031
698,hackwyon2031
699,hqckwyon2031
700,hackwyon3021
701,hqckwyon3021
702,hackwyon2021
703,hqckwyon2021
704,backwyon3SUPPR+31
705,bqckwyon3SUPPR+31
706,backwyon2SUPPR+31
707,bqckwyon2SUPPR+31
708,backwyon3SUPPR+21
709,bqckwyon3SUPPR+21
710,backwyon2SUPPR+21
711,bqckwyon2SUPPR+21
712,hackwyon3SUPPR+31
713,hqckwyon3SUPPR+31
714,hackwyon2SUPPR+31
715,hqckwyon2SUPPR+31
716,hackwyon3SUPPR+21
717,hqckwyon3SUPPR+21
718,hackwyon2SUPPR+21
719,hqckwyon2SUPPR+21
720,bwckayon3033
721,bwckqyon3033
722,bwckayon2033
723,bwckqyon2033
724,bwckayon3023
725,bwckqyon3023
726,bwckayon2023
727,bwckqyon2023
728,bwckayon3032
729,bwckqyon3032
730,bwckayon2032
731,bwckqyon2032
732,bwckayon3022
733,bwckqyon3022
734,bwckayon2022
735,bwckqyon2022
736,hwckayon3033
737,hwckqyon3033
738,hwckayon2033
739,hwckqyon2033
740,hwckayon3023
741,hwckqyon3023
742,hwckayon2023
743,hwckqyon2023
744,hwckayon3032
745,hwckqyon3032
746,hwckayon2032
747,hwckqyon2032
748,hwckayon3022
749,hwckqyon3022
750,hwckayon2022
751,hwckqyon2022
752,bwckayon3SUPPR+33
753,bwckqyon3SUPPR+33
754,bwckayon2SUPPR+33
755,bwckqyon2SUPPR+33
756,bwckayon3SUPPR+23
757,bwckqyon3SUPPR+23
758,bwckayon2SUPPR+23
759,bwckqyon2SUPPR+23
760,bwckayon3SUPPR+32
761,bwckqyon3SUPPR+32
762,bwckayon2SUPPR+32
763,bwckqyon2SUPPR+32
764,bwckayon3SUPPR+22
765,bwckqyon3SUPPR+22
766,bwckayon2SUPPR+22
767,bwckqyon2SUPPR+22
768,hwckayon3SUPPR+33
769,hwckqyon3SUPPR+33
770,hwckayon2SUPPR+33
771,hwckqyon2SUPPR+33
772,hwckayon3SUPPR+23
773,hwckqyon3SUPPR+23
774,hwckayon2SUPPR+23
775,hwckqyon2SUPPR+23
776,hwckayon3SUPPR+32
777,hwckqyon3SUPPR+32
778,hwckayon2SUPPR+32
779,hwckqyon2SUPPR+32
780,hwckayon3SUPPR+22
781,hwckqyon3SUPPR+22
782,hwckayon2SUPPR+22
783,hwckqyon2SUPPR+22
784,bwckayon3031
785,bwckqyon3031
786,bwckayon2031
787,bwckqyon2031
788,bwckayon3021
789,bwckqyon3021
790,bwckayon2021
791,bwckqyon2021
792,hwckayon3031
793,hwckqyon3031
794,hwckayon2031
795,hwckqyon2031
796,hwckayon3021
797,hwckqyon3021
798,hwckayon2021
799,hwckqyon2021
800,bwckayon3SUPPR+31
801,bwckqyon3SUPPR+31
802,bwckayon2SUPPR+31
803,bwckqyon2SUPPR+31
804,bwckayon3SUPPR+21
805,bwckqyon3SUPPR+21
806,bwckayon2SUPPR+21
807,bwckqyon2SUPPR+21
808,hwckayon3SUPPR+31
809,hwckqyon3SUPPR+31
810,hwckayon2SUPPR+31
811,hwckqyon2SUPPR+31
812,hwckayon3SUPPR+21
813,hwckqyon3SUPPR+21
814,hwckayon2SUPPR+21
815,hwckqyon2SUPPR+21
816,bwckwyon3033
817,bwckwyon2033
818,bwckwyon3023
819,bwckwyon2023
820,bwckwyon3032
821,bwckwyon2032
822,bwckwyon3022
823,bwckwyon2022
824,hwckwyon3033
825,hwckwyon2033
826,hwckwyon3023
827,hwckwyon2023
828,hwckwyon3032
829,hwckwyon2032
830,hwckwyon3022
831,hwckwyon2022
832,bwckwyon3SUPPR+33
833,bwckwyon2SUPPR+33
834,bwckwyon3SUPPR+23
835,bwckwyon2SUPPR+23
836,bwckwyon3SUPPR+32
837,bwckwyon2SUPPR+32
838,bwckwyon3SUPPR+22
839,bwckwyon2SUPPR+22
840,hwckwyon3SUPPR+33
841,hwckwyon2SUPPR+33
842,hwckwyon3SUPPR+23
843,hwckwyon2SUPPR+23
844,hwckwyon3SUPPR+32
845,hwckwyon2SUPPR+32
846,hwckwyon3SUPPR+22
847,hwckwyon2SUPPR+22
848,bwckwyon3031
849,bwckwyon2031
850,bwckwyon3021
851,bwckwyon2021
852,hwckwyon3031
853,hwckwyon2031
854,hwckwyon3021
855,hwckwyon2021
856,bwckwyon3SUPPR+31
857,bwckwyon2SUPPR+31
858,bwckwyon3SUPPR+21
859,bwckwyon2SUPPR+21
860,hwckwyon3SUPPR+31
861,hwckwyon2SUPPR+31
862,hwckwyon3SUPPR+21
863,hwckwyon2SUPPR+21
864,backagon1033
865,backqgon1033
866,bqckagon1033
867,bqckqgon1033
868,backagon1023
869,backqgon1023
870,bqckagon1023
871,bqckqgon1023
872,backagon1032
873,backqgon1032
874,bqckagon1032
875,bqckqgon1032
876,backagon1022
877,backqgon1022
878,bqckagon1022
879,bqckqgon1022
880,hackagon1033
881,hackqgon1033
882,hqckagon1033
883,hqckqgon1033
884,hackagon1023
885,hackqgon1023
886,hqckagon1023
887,hqckqgon1023
888,hackagon1032
889,hackqgon1032
890,hqckagon1032
891,hqckqgon1032
892,hackagon1022
893,hackqgon1022
894,hqckagon1022
895,hqckqgon1022
896,backagon1SUPPR+33
897,backqgon1SUPPR+33
898,bqckagon1SUPPR+33
899,bqckqgon1SUPPR+33
900,backagon1SUPPR+23
901,backqgon1SUPPR+23
902,bqckagon1SUPPR+23
903,bqckqgon1SUPPR+23
904,backagon1SUPPR+32
905,backqgon1SUPPR+32
906,bqckagon1SUPPR+32
907,bqckqgon1SUPPR+32
908,backagon1SUPPR+22
909,backqgon1SUPPR+22
910,bqckagon1SUPPR+22
911,bqckqgon1SUPPR+22
912,hackagon1SUPPR+33
913,hackqgon1SUPPR+33
914,hqckagon1SUPPR+33
915,hqckqgon1SUPPR+33
916,hackagon1SUPPR+23
917,hackqgon1SUPPR+23
918,hqckagon1SUPPR+23
919,hqckqgon1SUPPR+23
920,hackagon1SUPPR+32
921,hackqgon1SUPPR+32
922,hqckagon1SUPPR+32
923,hqckqgon1SUPPR+32
924,hackagon1SUPPR+22
925,hackqgon1SUPPR+22
926,hqckagon1SUPPR+22
927,hqckqgon1SUPPR+22
928,backagon1031
929,backqgon1031
930,bqckagon1031
931,bqckqgon1031
932,backagon1021
933,backqgon1021
934,bqckagon1021
935,bqckqgon1021
936,hackagon1031
937,hackqgon1031
938,hqckagon1031
939,hqckqgon1031
940,hackagon1021
941,hackqgon1021
942,hqckagon1021
943,hqckqgon1021
944,backagon1SUPPR+31
945,backqgon1SUPPR+31
946,bqckagon1SUPPR+31
947,bqckqgon1SUPPR+31
948,backagon1SUPPR+21
949,backqgon1SUPPR+21
950,bqckagon1SUPPR+21
951,bqckqgon1SUPPR+21
952,hackagon1SUPPR+31
953,hackqgon1SUPPR+31
954,hqckagon1SUPPR+31
955,hqckqgon1SUPPR+31
956,hackagon1SUPPR+21
957,hackqgon1SUPPR+21
958,hqckagon1SUPPR+21
959,hqckqgon1SUPPR+21
960,backwgon1033
961,bqckwgon1033
962,backwgon1023
963,bqckwgon1023
964,backwgon1032
965,bqckwgon1032
966,backwgon1022
967,bqckwgon1022
968,hackwgon1033
969,hqckwgon1033
970,hackwgon1023
971,hqckwgon1023
972,hackwgon1032
973,hqckwgon1032
974,hackwgon1022
975,hqckwgon1022
976,backwgon1SUPPR+33
977,bqckwgon1SUPPR+33
978,backwgon1SUPPR+23
979,bqckwgon1SUPPR+23
980,backwgon1SUPPR+32
981,bqckwgon1SUPPR+32
982,backwgon1SUPPR+22
983,bqckwgon1SUPPR+22
984,hackwgon1SUPPR+33
985,hqckwgon1SUPPR+33
986,hackwgon1SUPPR+23
987,hqckwgon1SUPPR+23
988,hackwgon1SUPPR+32
989,hqckwgon1SUPPR+32
990,hackwgon1SUPPR+22
991,hqckwgon1SUPPR+22
992,backwgon1031
993,bqckwgon1031
994,backwgon1021
995,bqckwgon1021
996,hackwgon1031
997,hqckwgon1031
998,hackwgon1021
999,hqckwgon1021
1000,backwgon1SUPPR+31
1001,bqckwgon1SUPPR+31
1002,backwgon1SUPPR+21
1003,bqckwgon1SUPPR+21
1004,hackwgon1SUPPR+31
1005,hqckwgon1SUPPR+31
1006,hackwgon1SUPPR+21
1007,hqckwgon1SUPPR+21
1008,bwckagon1033
1009,bwckqgon1033
1010,bwckagon1023
1011,bwckqgon1023
1012,bwckagon1032
1013,bwckqgon1032
1014,bwckagon1022
1015,bwckqgon1022
1016,hwckagon1033
1017,hwckqgon1033
1018,hwckagon1023
1019,hwckqgon1023
1020,hwckagon1032
1021,hwckqgon1032
1022,hwckagon1022
1023,hwckqgon1022
1024,bwckagon1SUPPR+33
1025,bwckqgon1SUPPR+33
1026,bwckagon1SUPPR+23
1027,bwckqgon1SUPPR+23
1028,bwckagon1SUPPR+32
1029,bwckqgon1SUPPR+32
1030,bwckagon1SUPPR+22
1031,bwckqgon1SUPPR+22
1032,hwckagon1SUPPR+33
1033,hwckqgon1SUPPR+33
1034,hwckagon1SUPPR+23
1035,hwckqgon1SUPPR+23
1036,hwckagon1SUPPR+32
1037,hwckqgon1SUPPR+32
1038,hwckagon1SUPPR+22
1039,hwckqgon1SUPPR+22
1040,bwckagon1031
1041,bwckqgon1031
1042,bwckagon1021
1043,bwckqgon1021
1044,hwckagon1031
1045,hwckqgon1031
1046,hwckagon1021
1047,hwckqgon1021
1048,bwckagon1SUPPR+31
1049,bwckqgon1SUPPR+31
1050,bwckagon1SUPPR+21
1051,bwckqgon1SUPPR+21
1052,hwckagon1SUPPR+31
1053,hwckqgon1SUPPR+31
1054,hwckagon1SUPPR+21
1055,hwckqgon1SUPPR+21
1056,bwckwgon1033
1057,bwckwgon1023
1058,bwckwgon1032
1059,bwckwgon1022
1060,hwckwgon1033
1061,hwckwgon1023
1062,hwckwgon1032
1063,hwckwgon1022
1064,bwckwgon1SUPPR+33
1065,bwckwgon1SUPPR+23
1066,bwckwgon1SUPPR+32
1067,bwckwgon1SUPPR+22
1068,hwckwgon1SUPPR+33
1069,hwckwgon1SUPPR+23
1070,hwckwgon1SUPPR+32
1071,hwckwgon1SUPPR+22
1072,bwckwgon1031
1073,bwckwgon1021
1074,hwckwgon1031
1075,hwckwgon1021
1076,bwckwgon1SUPPR+31
1077,bwckwgon1SUPPR+21
1078,hwckwgon1SUPPR+31
1079,hwckwgon1SUPPR+21
1080,backayon1033
1081,backqyon1033
1082,bqckayon1033
1083,bqckqyon1033
1084,backayon1023
1085,backqyon1023
1086,bqckayon1023
1087,bqckqyon1023
1088,backayon1032
1089,backqyon1032
1090,bqckayon1032
1091,bqckqyon1032
1092,backayon1022
1093,backqyon1022
1094,bqckayon1022
1095,bqckqyon1022
1096,hackayon1033
1097,hackqyon1033
1098,hqckayon1033
1099,hqckqyon1033
1100,hackayon1023
1101,hackqyon1023
1102,hqckayon1023
1103,hqckqyon1023
1104,hackayon1032
1105,hackqyon1032
1106,hqckayon1032
1107,hqckqyon1032
1108,hackayon1022
1109,hackqyon1022
1110,hqckayon1022
1111,hqckqyon1022
1112,backayon1SUPPR+33
1113,backqyon1SUPPR+33
1114,bqckayon1SUPPR+33
1115,bqckqyon1SUPPR+33
1116,backayon1SUPPR+23
1117,backqyon1SUPPR+23
1118,bqckayon1SUPPR+23
1119,bqckqyon1SUPPR+23
1120,backayon1SUPPR+32
1121,backqyon1SUPPR+32
1122,bqckayon1SUPPR+32
1123,bqckqyon1SUPPR+32
1124,backayon1SUPPR+22
1125,backqyon1SUPPR+22
1126,bqckayon1SUPPR+22
1127,bqckqyon1SUPPR+22
1128,hackayon1SUPPR+33
1129,hackqyon1SUPPR+33
1130,hqckayon1SUPPR+33
1131,hqckqyon1SUPPR+33
1132,hackayon1SUPPR+23
1133,hackqyon1SUPPR+23
1134,hqckayon1SUPPR+23
1135,hqckqyon1SUPPR+23
1136,hackayon1SUPPR+32
1137,hackqyon1SUPPR+32
1138,hqckayon1SUPPR+32
1139,hqckqyon1SUPPR+32
1140,hackayon1SUPPR+22
1141,hackqyon1SUPPR+22
1142,hqckayon1SUPPR+22
1143,hqckqyon1SUPPR+22
1144,backayon1031
1145,backqyon1031
1146,bqckayon1031
1147,bqckqyon1031
1148,backayon1021
1149,backqyon1021
1150,bqckayon1021
1151,bqckqyon1021
1152,hackayon1031
1153,hackqyon1031
1154,hqckayon1031
1155,hqckqyon1031
1156,hackayon1021
1157,hackqyon1021
1158,hqckayon1021
1159,hqckqyon1021
1160,backayon1SUPPR+31
1161,backqyon1SUPPR+31
1162,bqckayon1SUPPR+31
1163,bqckqyon1SUPPR+31
1164,backayon1SUPPR+21
1165,backqyon1SUPPR+21
1166,bqckayon1SUPPR+21
1167,bqckqyon1SUPPR+21
1168,hackayon1SUPPR+31
1169,hackqyon1SUPPR+31
1170,hqckayon1SUPPR+31
1171,hqckqyon1SUPPR+31
1172,hackayon1SUPPR+21
1173,hackqyon1SUPPR+21
1174,hqckayon1SUPPR+21
1175,hqckqyon1SUPPR+21
1176,backwyon1033
1177,bqckwyon1033
1178,backwyon1023
1179,bqckwyon1023
1180,backwyon1032
1181,bqckwyon1032
1182,backwyon1022
1183,bqckwyon1022
1184,hackwyon1033
1185,hqckwyon1033
1186,hackwyon1023
1187,hqckwyon1023
1188,hackwyon1032
1189,hqckwyon1032
1190,hackwyon1022
1191,hqckwyon1022
1192,backwyon1SUPPR+33
1193,bqckwyon1SUPPR+33
1194,backwyon1SUPPR+23
1195,bqckwyon1SUPPR+23
1196,backwyon1SUPPR+32
1197,bqckwyon1SUPPR+32
1198,backwyon1SUPPR+22
1199,bqckwyon1SUPPR+22
1200,hackwyon1SUPPR+33
1201,hqckwyon1SUPPR+33
1202,hackwyon1SUPPR+23
1203,hqckwyon1SUPPR+23
1204,hackwyon1SUPPR+32
1205,hqckwyon1SUPPR+32
1206,hackwyon1SUPPR+22
1207,hqckwyon1SUPPR+22
1208,backwyon1031
1209,bqckwyon1031
1210,backwyon1021
1211,bqckwyon1021
1212,hackwyon1031
1213,hqckwyon1031
1214,hackwyon1021
1215,hqckwyon1021
1216,backwyon1SUPPR+31
1217,bqckwyon1SUPPR+31
1218,backwyon1SUPPR+21
1219,bqckwyon1SUPPR+21
1220,hackwyon1SUPPR+31
1221,hqckwyon1SUPPR+31
1222,hackwyon1SUPPR+21
1223,hqckwyon1SUPPR+21
1224,bwckayon1033
1225,bwckqyon1033
1226,bwckayon1023
1227,bwckqyon1023
1228,bwckayon1032
1229,bwckqyon1032
1230,bwckayon1022
1231,bwckqyon1022
1232,hwckayon1033
1233,hwckqyon1033
1234,hwckayon1023
1235,hwckqyon1023
1236,hwckayon1032
1237,hwckqyon1032
1238,hwckayon1022
1239,hwckqyon1022
1240,bwckayon1SUPPR+33
1241,bwckqyon1SUPPR+33
1242,bwckayon1SUPPR+23
1243,bwckqyon1SUPPR+23
1244,bwckayon1SUPPR+32
1245,bwckqyon1SUPPR+32
1246,bwckayon1SUPPR+22
1247,bwckqyon1SUPPR+22
1248,hwckayon1SUPPR+33
1249,hwckqyon1SUPPR+33
1250,hwckayon1SUPPR+23
1251,hwckqyon1SUPPR+23
1252,hwckayon1SUPPR+32
1253,hwckqyon1SUPPR+32
1254,hwckayon1SUPPR+22
1255,hwckqyon1SUPPR+22
1256,bwckayon1031
1257,bwckqyon1031
1258,bwckayon1021
1259,bwckqyon1021
1260,hwckayon1031
1261,hwckqyon1031
1262,hwckayon1021
1263,hwckqyon1021
1264,bwckayon1SUPPR+31
1265,bwckqyon1SUPPR+31
1266,bwckayon1SUPPR+21
1267,bwckqyon1SUPPR+21
1268,hwckayon1SUPPR+31
1269,hwckqyon1SUPPR+31
1270,hwckayon1SUPPR+21
1271,hwckqyon1SUPPR+21
1272,bwckwyon1033
1273,bwckwyon1023
1274,bwckwyon1032
1275,bwckwyon1022
1276,hwckwyon1033
1277,hwckwyon1023
1278,hwckwyon1032
1279,hwckwyon1022
1280,bwckwyon1SUPPR+33
1281,bwckwyon1SUPPR+23
1282,bwckwyon1SUPPR+32
1283,bwckwyon1SUPPR+22
1284,hwckwyon1SUPPR+33
1285,hwckwyon1SUPPR+23
1286,hwckwyon1SUPPR+32
1287,hwckwyon1SUPPR+22
1288,bwckwyon1031
1289,bwckwyon1021
1290,hwckwyon1031
1291,hwckwyon1021
1292,bwckwyon1SUPPR+31
1293,bwckwyon1SUPPR+21
1294,hwckwyon1SUPPR+31
1295,hwckwyon1SUPPR+21
1296,backagon3013
1297,backqgon3013
1298,bqckagon3013
1299,bqckqgon3013
1300,backagon2013
1301,backqgon2013
1302,bqckagon2013
1303,bqckqgon2013
1304,backagon3012
1305,backqgon3012
1306,bqckagon3012
1307,bqckqgon3012
1308,backagon2012
1309,backqgon2012
1310,bqckagon2012
1311,bqckqgon2012
1312,hackagon3013
1313,hackqgon3013
1314,hqckagon3013
1315,hqckqgon3013
1316,hackagon2013
1317,hackqgon2013
1318,hqckagon2013
1319,hqckqgon2013
1320,hackagon3012
1321,hackqgon3012
1322,hqckagon3012
1323,hqckqgon3012
1324,hackagon2012
1325,hackqgon2012
1326,hqckagon2012
1327,hqckqgon2012
1328,backagon3SUPPR+13
1329,backqgon3SUPPR+13
1330,bqckagon3SUPPR+13
1331,bqckqgon3SUPPR+13
1332,backagon2SUPPR+13
1333,backqgon2SUPPR+13
1334,bqckagon2SUPPR+13
1335,bqckqgon2SUPPR+13
1336,backagon3SUPPR+12
1337,backqgon3SUPPR+12
1338,bqckagon3SUPPR+12
1339,bqckqgon3SUPPR+12
1340,backagon2SUPPR+12
1341,backqgon2SUPPR+12
1342,bqckagon2SUPPR+12
1343,bqckqgon2SUPPR+12
1344,hackagon3SUPPR+13
1345,hackqgon3SUPPR+13
1346,hqckagon3SUPPR+13
1347,hqckqgon3SUPPR+13
1348,hackagon2SUPPR+13
1349,hackqgon2SUPPR+13
1350,hqckagon2SUPPR+13
1351,hqckqgon2SUPPR+13
1352,hackagon3SUPPR+12
1353,hackqgon3SUPPR+12
1354,hqckagon3SUPPR+12
1355,hqckqgon3SUPPR+12
1356,hackagon2SUPPR+12
1357,hackqgon2SUPPR+12
1358,hqckagon2SUPPR+12
1359,hqckqgon2SUPPR+12
1360,backagon3011
1361,backqgon3011
1362,bqckagon3011
1363,bqckqgon3011
1364,backagon2011
1365,backqgon2011
1366,bqckagon2011
1367,bqckqgon2011
1368,hackagon3011
1369,hackqgon3011
1370,hqckagon3011
1371,hqckqgon3011
1372,hackagon2011
1373,hackqgon2011
1374,hqckagon2011
1375,hqckqgon2011
1376,backagon3SUPPR+11
1377,backqgon3SUPPR+11
1378,bqckagon3SUPPR+11
1379,bqckqgon3SUPPR+11
1380,backagon2SUPPR+11
1381,backqgon2SUPPR+11
1382,bqckagon2SUPPR+11
1383,bqckqgon2SUPPR+11
1384,hackagon3SUPPR+11
1385,hackqgon3SUPPR+11
1386,hqckagon3SUPPR+11
1387,hqckqgon3SUPPR+11
1388,hackagon2SUPPR+11
1389,hackqgon2SUPPR+11
1390,hqckagon2SUPPR+11
1391,hqckqgon2SUPPR+11
1392,backwgon3013
1393,bqckwgon3013
1394,backwgon2013
1395,bqckwgon2013
1396,backwgon3012
1397,bqckwgon3012
1398,backwgon2012
1399,bqckwgon2012
1400,hackwgon3013
1401,hqckwgon3013
1402,hackwgon2013
1403,hqckwgon2013
1404,hackwgon3012
1405,hqckwgon3012
1406,hackwgon2012
1407,hqckwgon2012
1408,backwgon3SUPPR+13
1409,bqckwgon3SUPPR+13
1410,backwgon2SUPPR+13
1411,bqckwgon2SUPPR+13
1412,backwgon3SUPPR+12
1413,bqckwgon3SUPPR+12
1414,backwgon2SUPPR+12
1415,bqckwgon2SUPPR+12
1416,hackwgon3SUPPR+13
1417,hqckwgon3SUPPR+13
1418,hackwgon2SUPPR+13
1419,hqckwgon2SUPPR+13
1420,hackwgon3SUPPR+12
1421,hqckwgon3SUPPR+12
1422,hackwgon2SUPPR+12
1423,hqckwgon2SUPPR+12
1424,backwgon3011
1425,bqckwgon3011
1426,backwgon2011
1427,bqckwgon2011
1428,hackwgon3011
1429,hqckwgon3011
1430,hackwgon2011
1431,hqckwgon2011
1432,backwgon3SUPPR+11
1433,bqckwgon3SUPPR+11
1434,backwgon2SUPPR+11
1435,bqckwgon2SUPPR+11
1436,hackwgon3SUPPR+11
1437,hqckwgon3SUPPR+11
1438,hackwgon2SUPPR+11
1439,hqckwgon2SUPPR+11
1440,bwckagon3013
1441,bwckqgon3013
1442,bwckagon2013
1443,bwckqgon2013
1444,bwckagon3012
1445,bwckqgon3012
1446,bwckagon2012
1447,bwckqgon2012
1448,hwckagon3013
1449,hwckqgon3013
1450,hwckagon2013
1451,hwckqgon2013
1452,hwckagon3012
1453,hwckqgon3012
1454,hwckagon2012
1455,hwckqgon2012
1456,bwckagon3SUPPR+13
1457,bwckqgon3SUPPR+13
1458,bwckagon2SUPPR+13
1459,bwckqgon2SUPPR+13
1460,bwckagon3SUPPR+12
1461,bwckqgon3SUPPR+12
1462,bwckagon2SUPPR+12
1463,bwckqgon2SUPPR+12
1464,hwckagon3SUPPR+13
1465,hwckqgon3SUPPR+13
1466,hwckagon2SUPPR+13
1467,hwckqgon2SUPPR+13
1468,hwckagon3SUPPR+12
1469,hwckqgon3SUPPR+12
1470,hwckagon2SUPPR+12
1471,hwckqgon2SUPPR+12
1472,bwckagon3011
1473,bwckqgon3011
1474,bwckagon2011
1475,bwckqgon2011
1476,hwckagon3011
1477,hwckqgon3011
1478,hwckagon2011
1479,hwckqgon2011
1480,bwckagon3SUPPR+11
1481,bwckqgon3SUPPR+11
1482,bwckagon2SUPPR+11
1483,bwckqgon2SUPPR+11
1484,hwckagon3SUPPR+11
1485,hwckqgon3SUPPR+11
1486,hwckagon2SUPPR+11
1487,hwckqgon2SUPPR+11
1488,bwckwgon3013
1489,bwckwgon2013
1490,bwckwgon3012
1491,bwckwgon2012
1492,hwckwgon3013
1493,hwckwgon2013
1494,hwckwgon3012
1495,hwckwgon2012
1496,bwckwgon3SUPPR+13
1497,bwckwgon2SUPPR+13
1498,bwckwgon3SUPPR+12
1499,bwckwgon2SUPPR+12
1500,hwckwgon3SUPPR+13
1501,hwckwgon2SUPPR+13
1502,hwckwgon3SUPPR+12
1503,hwckwgon2SUPPR+12
1504,bwckwgon3011
1505,bwckwgon2011
1506,hwckwgon3011
1507,hwckwgon2011
1508,bwckwgon3SUPPR+11
1509,bwckwgon2SUPPR+11
1510,hwckwgon3SUPPR+11
1511,hwckwgon2SUPPR+11
1512,backayon3013
1513,backqyon3013
1514,bqckayon3013
1515,bqckqyon3013
1516,backayon2013
1517,backqyon2013
1518,bqckayon2013
1519,bqckqyon2013
1520,backayon3012
1521,backqyon3012
1522,bqckayon3012
1523,bqckqyon3012
1524,backayon2012
1525,backqyon2012
1526,bqckayon2012
1527,bqckqyon2012
1528,hackayon3013
1529,hackqyon3013
1530,hqckayon3013
1531,hqckqyon3013
1532,hackayon2013
1533,hackqyon2013
1534,hqckayon2013
1535,hqckqyon2013
1536,hackayon3012
1537,hackqyon3012
1538,hqckayon3012
1539,hqckqyon3012
1540,hackayon2012
1541,hackqyon2012
1542,hqckayon2012
1543,hqckqyon2012
1544,backayon3SUPPR+13
1545,backqyon3SUPPR+13
1546,bqckayon3SUPPR+13
1547,bqckqyon3SUPPR+13
1548,backayon2SUPPR+13
1549,backqyon2SUPPR+13
1550,bqckayon2SUPPR+13
1551,bqckqyon2SUPPR+13
1552,backayon3SUPPR+12
1553,backqyon3SUPPR+12
1554,bqckayon3SUPPR+12
1555,bqckqyon3SUPPR+12
1556,backayon2SUPPR+12
1557,backqyon2SUPPR+12
1558,bqckayon2SUPPR+12
1559,bqckqyon2SUPPR+12
1560,hackayon3SUPPR+13
1561,hackqyon3SUPPR+13
1562,hqckayon3SUPPR+13
1563,hqckqyon3SUPPR+13
1564,hackayon2SUPPR+13
1565,hackqyon2SUPPR+13
1566,hqckayon2SUPPR+13
1567,hqckqyon2SUPPR+13
1568,hackayon3SUPPR+12
1569,hackqyon3SUPPR+12
1570,hqckayon3SUPPR+12
1571,hqckqyon3SUPPR+12
1572,hackayon2SUPPR+12
1573,hackqyon2SUPPR+12
1574,hqckayon2SUPPR+12
1575,hqckqyon2SUPPR+12
1576,backayon3011
1577,backqyon3011
1578,bqckayon3011
1579,bqckqyon3011
1580,backayon2011
1581,backqyon2011
1582,bqckayon2011
1583,bqckqyon2011
1584,hackayon3011
1585,hackqyon3011
1586,hqckayon3011
1587,hqckqyon3011
1588,hackayon2011
1589,hackqyon2011
1590,hqckayon2011
1591,hqckqyon2011
1592,backayon3SUPPR+11
1593,backqyon3SUPPR+11
1594,bqckayon3SUPPR+11
1595,bqckqyon3SUPPR+11
1596,backayon2SUPPR+11
1597,backqyon2SUPPR+11
1598,bqckayon2SUPPR+11
1599,bqckqyon2SUPPR+11
1600,hackayon3SUPPR+11
1601,hackqyon3SUPPR+11
1602,hqckayon3SUPPR+11
1603,hqckqyon3SUPPR+11
1604,hackayon2SUPPR+11
1605,hackqyon2SUPPR+11
1606,hqckayon2SUPPR+11
1607,hqckqyon2SUPPR+11
1608,backwyon3013
1609,bqckwyon3013
1610,backwyon2013
1611,bqckwyon2013
1612,backwyon3012
1613,bqckwyon3012
1614,backwyon2012
1615,bqckwyon2012
1616,hackwyon3013
1617,hqckwyon3013
1618,hackwyon2013
1619,hqckwyon2013
1620,hackwyon3012
1621,hqckwyon3012
1622,hackwyon2012
1623,hqckwyon2012
1624,backwyon3SUPPR+13
1625,bqckwyon3SUPPR+13
1626,backwyon2SUPPR+13
1627,bqckwyon2SUPPR+13
1628,backwyon3SUPPR+12
1629,bqckwyon3SUPPR+12
1630,backwyon2SUPPR+12
1631,bqckwyon2SUPPR+12
1632,hackwyon3SUPPR+13
1633,hqckwyon3SUPPR+13
1634,hackwyon2SUPPR+13
1635,hqckwyon2SUPPR+13
1636,hackwyon3SUPPR+12
1637,hqckwyon3SUPPR+12
1638,hackwyon2SUPPR+12
1639,hqckwyon2SUPPR+12
1640,backwyon3011
1641,bqckwyon3011
1642,backwyon2011
1643,bqckwyon2011
1644,hackwyon3011
1645,hqckwyon3011
1646,hackwyon2011
1647,hqckwyon2011
1648,backwyon3SUPPR+11
1649,bqckwyon3SUPPR+11
1650,backwyon2SUPPR+11
1651,bqckwyon2SUPPR+11
1652,hackwyon3SUPPR+11
1653,hqckwyon3SUPPR+11
1654,hackwyon2SUPPR+11
1655,hqckwyon2SUPPR+11
1656,bwckayon3013
1657,bwckqyon3013
1658,bwckayon2013
1659,bwckqyon2013
1660,bwckayon3012
1661,bwckqyon3012
1662,bwckayon2012
1663,bwckqyon2012
1664,hwckayon3013
1665,hwckqyon3013
1666,hwckayon2013
1667,hwckqyon2013
1668,hwckayon3012
1669,hwckqyon3012
1670,hwckayon2012
1671,hwckqyon2012
1672,bwckayon3SUPPR+13
1673,bwckqyon3SUPPR+13
1674,bwckayon2SUPPR+13
1675,bwckqyon2SUPPR+13
1676,bwckayon3SUPPR+12
1677,bwckqyon3SUPPR+12
1678,bwckayon2SUPPR+12
1679,bwckqyon2SUPPR+12
1680,hwckayon3SUPPR+13
1681,hwckqyon3SUPPR+13
1682,hwckayon2SUPPR+13
1683,hwckqyon2SUPPR+13
1684,hwckayon3SUPPR+12
1685,hwckqyon3SUPPR+12
1686,hwckayon2SUPPR+12
1687,hwckqyon2SUPPR+12
1688,bwckayon3011
1689,bwckqyon3011
1690,bwckayon2011
1691,bwckqyon2011
1692,hwckayon3011
1693,hwckqyon3011
1694,hwckayon2011
1695,hwckqyon2011
1696,bwckayon3SUPPR+11
1697,bwckqyon3SUPPR+11
1698,bwckayon2SUPPR+11
1699,bwckqyon2SUPPR+11
1700,hwckayon3SUPPR+11
1701,hwckqyon3SUPPR+11
1702,hwckayon2SUPPR+11
1703,hwckqyon2SUPPR+11
1704,bwckwyon3013
1705,bwckwyon2013
1706,bwckwyon3012
1707,bwckwyon2012
1708,hwckwyon3013
1709,hwckwyon2013
1710,hwckwyon3012
1711,hwckwyon2012
1712,bwckwyon3SUPPR+13
1713,bwckwyon2SUPPR+13
1714,bwckwyon3SUPPR+12
1715,bwckwyon2SUPPR+12
1716,hwckwyon3SUPPR+13
1717,hwckwyon2SUPPR+13
1718,hwckwyon3SUPPR+12
1719,hwckwyon2SUPPR+12
1720,bwckwyon3011
1721,bwckwyon2011
1722,hwckwyon3011
1723,hwckwyon2011
1724,bwckwyon3SUPPR+11
1725,bwckwyon2SUPPR+11
1726,hwckwyon3SUPPR+11
1727,hwckwyon2SUPPR+11
1728,backagon1013
1729,backqgon1013
1730,bqckagon1013
1731,bqckqgon1013
1732,backagon1012
1733,backqgon1012
1734,bqckagon1012
1735,bqckqgon1012
1736,hackagon1013
1737,hackqgon1013
1738,hqckagon1013
1739,hqckqgon1013
1740,hackagon1012
1741,hackqgon1012
1742,hqckagon1012
1743,hqckqgon1012
1744,backagon1SUPPR+13
1745,backqgon1SUPPR+13
1746,bqckagon1SUPPR+13
1747,bqckqgon1SUPPR+13
1748,backagon1SUPPR+12
1749,backqgon1SUPPR+12
1750,bqckagon1SUPPR+12
1751,bqckqgon1SUPPR+12
1752,hackagon1SUPPR+13
1753,hackqgon1SUPPR+13
1754,hqckagon1SUPPR+13
1755,hqckqgon1SUPPR+13
1756,hackagon1SUPPR+12
1757,hackqgon1SUPPR+12
1758,hqckagon1SUPPR+12
1759,hqckqgon1SUPPR+12
1760,backagon1011
1761,backqgon1011
1762,bqckagon1011
1763,bqckqgon1011
1764,hackagon1011
1765,hackqgon1011
1766,hqckagon1011
1767,hqckqgon1011
1768,backagon1SUPPR+11
1769,backqgon1SUPPR+11
1770,bqckagon1SUPPR+11
1771,bqckqgon1SUPPR+11
1772,hackagon1SUPPR+11
1773,hackqgon1SUPPR+11
1774,hqckagon1SUPPR+11
1775,hqckqgon1SUPPR+11
1776,backwgon1013
1777,bqckwgon1013
1778,backwgon1012
1779,bqckwgon1012
1780,hackwgon1013
1781,hqckwgon1013
1782,hackwgon1012
1783,hqckwgon1012
1784,backwgon1SUPPR+13
1785,bqckwgon1SUPPR+13
1786,backwgon1SUPPR+12
1787,bqckwgon1SUPPR+12
1788,hackwgon1SUPPR+13
1789,hqckwgon1SUPPR+13
1790,hackwgon1SUPPR+12
1791,hqckwgon1SUPPR+12
1792,backwgon1011
1793,bqckwgon1011
1794,hackwgon1011
1795,hqckwgon1011
1796,backwgon1SUPPR+11
1797,bqckwgon1SUPPR+11
1798,hackwgon1SUPPR+11
1799,hqckwgon1SUPPR+11
1800,bwckagon1013
1801,bwckqgon1013
1802,bwckagon1012
1803,bwckqgon1012
1804,hwckagon1013
1805,hwckqgon1013
1806,hwckagon1012
1807,hwckqgon1012
1808,bwckagon1SUPPR+13
1809,bwckqgon1SUPPR+13
1810,bwckagon1SUPPR+12
1811,bwckqgon1SUPPR+12
1812,hwckagon1SUPPR+13
1813,hwckqgon1SUPPR+13
1814,hwckagon1SUPPR+12
1815,hwckqgon1SUPPR+12
1816,bwckagon1011
1817,bwckqgon1011
1818,hwckagon1011
1819,hwckqgon1011
1820,bwckagon1SUPPR+11
1821,bwckqgon1SUPPR+11
1822,hwckagon1SUPPR+11
1823,hwckqgon1SUPPR+11
1824,bwckwgon1013
1825,bwckwgon1012
1826,hwckwgon1013
1827,hwckwgon1012
1828,bwckwgon1SUPPR+13
1829,bwckwgon1SUPPR+12
1830,hwckwgon1SUPPR+13
1831,hwckwgon1SUPPR+12
1832,bwckwgon1011
1833,hwckwgon1011
1834,bwckwgon1SUPPR+11
1835,hwckwgon1SUPPR+11
1836,backayon1013
1837,backqyon1013
1838,bqckayon1013
1839,bqckqyon1013
1840,backayon1012
1841,backqyon1012
1842,bqckayon1012
1843,bqckqyon1012
1844,hackayon1013
1845,hackqyon1013
1846,hqckayon1013
1847,hqckqyon1013
1848,hackayon1012
1849,hackqyon1012
1850,hqckayon1012
1851,hqckqyon1012
1852,backayon1SUPPR+13
1853,backqyon1SUPPR+13
1854,bqckayon1SUPPR+13
1855,bqckqyon1SUPPR+13
1856,backayon1SUPPR+12
1857,backqyon1SUPPR+12
1858,bqckayon1SUPPR+12
1859,bqckqyon1SUPPR+12
1860,hackayon1SUPPR+13
1861,hackqyon1SUPPR+13
1862,hqckayon1SUPPR+13
1863,hqckqyon1SUPPR+13
1864,hackayon1SUPPR+12
1865,hackqyon1SUPPR+12
1866,hqckayon1SUPPR+12
1867,hqckqyon1SUPPR+12
1868,backayon1011
1869,backqyon1011
1870,bqckayon1011
1871,bqckqyon1011
1872,hackayon1011
1873,hackqyon1011
1874,hqckayon1011
1875,hqckqyon1011
1876,backayon1SUPPR+11
1877,backqyon1SUPPR+11
1878,bqckayon1SUPPR+11
1879,bqckqyon1SUPPR+11
1880,hackayon1SUPPR+11
1881,hackqyon1SUPPR+11
1882,hqckayon1SUPPR+11
1883,hqckqyon1SUPPR+11
1884,backwyon1013
1885,bqckwyon1013
1886,backwyon1012
1887,bqckwyon1012
1888,hackwyon1013
1889,hqckwyon1013
1890,hackwyon1012
1891,hqckwyon1012
1892,backwyon1SUPPR+13
1893,bqckwyon1SUPPR+13
1894,backwyon1SUPPR+12
1895,bqckwyon1SUPPR+12
1896,hackwyon1SUPPR+13
1897,hqckwyon1SUPPR+13
1898,hackwyon1SUPPR+12
1899,hqckwyon1SUPPR+12
1900,backwyon1011
1901,bqckwyon1011
1902,hackwyon1011
1903,hqckwyon1011
1904,backwyon1SUPPR+11
1905,bqckwyon1SUPPR+11
1906,hackwyon1SUPPR+11
1907,hqckwyon1SUPPR+11
1908,bwckayon1013
1909,bwckqyon1013
1910,bwckayon1012
1911,bwckqyon1012
1912,hwckayon1013
1913,hwckqyon1013
1914,hwckayon1012
1915,hwckqyon1012
1916,bwckayon1SUPPR+13
1917,bwckqyon1SUPPR+13
1918,bwckayon1SUPPR+12
1919,bwckqyon1SUPPR+12
1920,hwckayon1SUPPR+13
1921,hwckqyon1SUPPR+13
1922,hwckayon1SUPPR+12
1923,hwckqyon1SUPPR+12
1924,bwckayon1011
1925,bwckqyon1011
1926,hwckayon1011
1927,hwckqyon1011
1928,bwckayon1SUPPR+11
1929,bwckqyon1SUPPR+11
1930,hwckayon1SUPPR+11
1931,hwckqyon1SUPPR+11
1932,bwckwyon1013
1933,bwckwyon1012
1934,hwckwyon1013
1935,hwckwyon1012
1936,bwckwyon1SUPPR+13
1937,bwckwyon1SUPPR+12
1938,hwckwyon1SUPPR+13
1939,hwckwyon1SUPPR+12
1940,bwckwyon1011
1941,hwckwyon1011
1942,bwckwyon1SUPPR+11
1943,hwckwyon1SUPPR+11
1944,backagon3034
1945,backqgon3034
1946,bqckagon3034
1947,bqckqgon3034
1948,backagon2034
1949,backqgon2034
1950,bqckagon2034
1951,bqckqgon2034
1952,backagon3024
1953,backqgon3024
1954,bqckagon3024
1955,bqckqgon3024
1956,backagon2024
1957,backqgon2024
1958,bqckagon2024
1959,bqckqgon2024
1960,hackagon3034
1961,hackqgon3034
1962,hqckagon3034
1963,hqckqgon3034
1964,hackagon2034
1965,hackqgon2034
1966,hqckagon2034
1967,hqckqgon2034
1968,hackagon3024
1969,hackqgon3024
1970,hqckagon3024
1971,hqckqgon3024
1972,hackagon2024
1973,hackqgon2024
1974,hqckagon2024
1975,hqckqgon2024
1976,backagon3SUPPR+34
1977,backqgon3SUPPR+34
1978,bqckagon3SUPPR+34
1979,bqckqgon3SUPPR+34
1980,backagon2SUPPR+34
1981,backqgon2SUPPR+34
1982,bqckagon2SUPPR+34
1983,bqckqgon2SUPPR+34
1984,backagon3SUPPR+24
1985,backqgon3SUPPR+24
1986,bqckagon3SUPPR+24
1987,bqckqgon3SUPPR+24
1988,backagon2SUPPR+24
1989,backqgon2SUPPR+24
1990,bqckagon2SUPPR+24
1991,bqckqgon2SUPPR+24
1992,hackagon3SUPPR+34
1993,hackqgon3SUPPR+34
1994,hqckagon3SUPPR+34
1995,hqckqgon3SUPPR+34
1996,hackagon2SUPPR+34
1997,hackqgon2SUPPR+34
1998,hqckagon2SUPPR+34
1999,hqckqgon2SUPPR+34
2000,hackagon3SUPPR+24
2001,hackqgon3SUPPR+24
2002,hqckagon3SUPPR+24
2003,hqckqgon3SUPPR+24
2004,hackagon2SUPPR+24
2005,hackqgon2SUPPR+24
2006,hqckagon2SUPPR+24
2007,hqckqgon2SUPPR+24
2008,backwgon3034
2009,bqckwgon3034
2010,backwgon2034
2011,bqckwgon2034
2012,backwgon3024
2013,bqckwgon3024
2014,backwgon2024
2015,bqckwgon2024
2016,hackwgon3034
2017,hqckwgon3034
2018,hackwgon2034
2019,hqckwgon2034
2020,hackwgon3024
2021,hqckwgon3024
2022,hackwgon2024
2023,hqckwgon2024
2024,backwgon3SUPPR+34
2025,bqckwgon3SUPPR+34
2026,backwgon2SUPPR+34
2027,bqckwgon2SUPPR+34
2028,backwgon3SUPPR+24
2029,bqckwgon3SUPPR+24
2030,backwgon2SUPPR+24
2031,bqckwgon2SUPPR+24
2032,hackwgon3SUPPR+34
2033,hqckwgon3SUPPR+34
2034,hackwgon2SUPPR+34
2035,hqckwgon2SUPPR+34
2036,hackwgon3SUPPR+24
2037,hqckwgon3SUPPR+24
2038,hackwgon2SUPPR+24
2039,hqckwgon2SUPPR+24
2040,bwckagon3034
2041,bwckqgon3034
2042,bwckagon2034
2043,bwckqgon2034
2044,bwckagon3024
2045,bwckqgon3024
2046,bwckagon2024
2047,bwckqgon2024
2048,hwckagon3034
2049,hwckqgon3034
2050,hwckagon2034
2051,hwckqgon2034
2052,hwckagon3024
2053,hwckqgon3024
2054,hwckagon2024
2055,hwckqgon2024
2056,bwckagon3SUPPR+34
2057,bwckqgon3SUPPR+34
2058,bwckagon2SUPPR+34
2059,bwckqgon2SUPPR+34
2060,bwckagon3SUPPR+24
2061,bwckqgon3SUPPR+24
2062,bwckagon2SUPPR+24
2063,bwckqgon2SUPPR+24
2064,hwckagon3SUPPR+34
2065,hwckqgon3SUPPR+34
2066,hwckagon2SUPPR+34
2067,hwckqgon2SUPPR+34
2068,hwckagon3SUPPR+24
2069,hwckqgon3SUPPR+24
2070,hwckagon2SUPPR+24
2071,hwckqgon2SUPPR+24
2072,bwckwgon3034
2073,bwckwgon2034
2074,bwckwgon3024
2075,bwckwgon2024
2076,hwckwgon3034
2077,hwckwgon2034
2078,hwckwgon3024
2079,hwckwgon2024
2080,bwckwgon3SUPPR+34
2081,bwckwgon2SUPPR+34
2082,bwckwgon3SUPPR+24
2083,bwckwgon2SUPPR+24
2084,hwckwgon3SUPPR+34
2085,hwckwgon2SUPPR+34
2086,hwckwgon3SUPPR+24
2087,hwckwgon2SUPPR+24
2088,backayon3034
2089,backqyon3034
2090,bqckayon3034
2091,bqckqyon3034
2092,backayon2034
2093,backqyon2034
2094,bqckayon2034
2095,bqckqyon2034
2096,backayon3024
2097,backqyon3024
2098,bqckayon3024
2099,bqckqyon3024
2100,backayon2024
2101,backqyon2024
2102,bqckayon2024
2103,bqckqyon2024
2104,hackayon3034
2105,hackqyon3034
2106,hqckayon3034
2107,hqckqyon3034
2108,hackayon2034
2109,hackqyon2034
2110,hqckayon2034
2111,hqckqyon2034
2112,hackayon3024
2113,hackqyon3024
2114,hqckayon3024
2115,hqckqyon3024
2116,hackayon2024
2117,hackqyon2024
2118,hqckayon2024
2119,hqckqyon2024
2120,backayon3SUPPR+34
2121,backqyon3SUPPR+34
2122,bqckayon3SUPPR+34
2123,bqckqyon3SUPPR+34
2124,backayon2SUPPR+34
2125,backqyon2SUPPR+34
2126,bqckayon2SUPPR+34
2127,bqckqyon2SUPPR+34
2128,backayon3SUPPR+24
2129,backqyon3SUPPR+24
2130,bqckayon3SUPPR+24
2131,bqckqyon3SUPPR+24
2132,backayon2SUPPR+24
2133,backqyon2SUPPR+24
2134,bqckayon2SUPPR+24
2135,bqckqyon2SUPPR+24
2136,hackayon3SUPPR+34
2137,hackqyon3SUPPR+34
2138,hqckayon3SUPPR+34
2139,hqckqyon3SUPPR+34
2140,hackayon2SUPPR+34
2141,hackqyon2SUPPR+34
2142,hqckayon2SUPPR+34
2143,hqckqyon2SUPPR+34
2144,hackayon3SUPPR+24
2145,hackqyon3SUPPR+24
2146,hqckayon3SUPPR+24
2147,hqckqyon3SUPPR+24
2148,hackayon2SUPPR+24
2149,hackqyon2SUPPR+24
2150,hqckayon2SUPPR+24
2151,hqckqyon2SUPPR+24
2152,backwyon3034
2153,bqckwyon3034
2154,backwyon2034
2155,bqckwyon2034
2156,backwyon3024
2157,bqckwyon3024
2158,backwyon2024
2159,bqckwyon2024
2160,hackwyon3034
2161,hqckwyon3034
2162,hackwyon2034
2163,hqckwyon2034
2164,hackwyon3024
2165,hqckwyon3024
2166,hackwyon2024
2167,hqckwyon2024
2168,backwyon3SUPPR+34
2169,bqckwyon3SUPPR+34
2170,backwyon2SUPPR+34
2171,bqckwyon2SUPPR+34
2172,backwyon3SUPPR+24
2173,bqckwyon3SUPPR+24
2174,backwyon2SUPPR+24
2175,bqckwyon2SUPPR+24
2176,hackwyon3SUPPR+34
2177,hqckwyon3SUPPR+34
2178,hackwyon2SUPPR+34
2179,hqckwyon2SUPPR+34
2180,hackwyon3SUPPR+24
2181,hqckwyon3SUPPR+24
2182,hackwyon2SUPPR+24
2183,hqckwyon2SUPPR+24
2184,bwckayon3034
2185,bwckqyon3034
2186,bwckayon2034
2187,bwckqyon2034
2188,bwckayon3024
2189,bwckqyon3024
2190,bwckayon2024
2191,bwckqyon2024
2192,hwckayon3034
2193,hwckqyon3034
2194,hwckayon2034
2195,hwckqyon2034
2196,hwckayon3024
2197,hwckqyon3024
2198,hwckayon2024
2199,hwckqyon2024
2200,bwckayon3SUPPR+34
2201,bwckqyon3SUPPR+34
2202,bwckayon2SUPPR+34
2203,bwckqyon2SUPPR+34
2204,bwckayon3SUPPR+24
2205,bwckqyon3SUPPR+24
2206,bwckayon2SUPPR+24
2207,bwckqyon2SUPPR+24
2208,hwckayon3SUPPR+34
2209,hwckqyon3SUPPR+34
2210,hwckayon2SUPPR+34
2211,hwckqyon2SUPPR+34
2212,hwckayon3SUPPR+24
2213,hwckqyon3SUPPR+24
2214,hwckayon2SUPPR+24
2215,hwckqyon2SUPPR+24
2216,bwckwyon3034
2217,bwckwyon2034
2218,bwckwyon3024
2219,bwckwyon2024
2220,hwckwyon3034
2221,hwckwyon2034
2222,hwckwyon3024
2223,hwckwyon2024
2224,bwckwyon3SUPPR+34
2225,bwckwyon2SUPPR+34
2226,bwckwyon3SUPPR+24
2227,bwckwyon2SUPPR+24
2228,hwckwyon3SUPPR+34
2229,hwckwyon2SUPPR+34
2230,hwckwyon3SUPPR+24
2231,hwckwyon2SUPPR+24
2232,backagon1034
2233,backqgon1034
2234,bqckagon1034
2235,bqckqgon1034
2236,backagon1024
2237,backqgon1024
2238,bqckagon1024
2239,bqckqgon1024
2240,hackagon1034
2241,hackqgon1034
2242,hqckagon1034
2243,hqckqgon1034
2244,hackagon1024
2245,hackqgon1024
2246,hqckagon1024
2247,hqckqgon1024
2248,backagon1SUPPR+34
2249,backqgon1SUPPR+34
2250,bqckagon1SUPPR+34
2251,bqckqgon1SUPPR+34
2252,backagon1SUPPR+24
2253,backqgon1SUPPR+24
2254,bqckagon1SUPPR+24
2255,bqckqgon1SUPPR+24
2256,hackagon1SUPPR+34
2257,hackqgon1SUPPR+34
2258,hqckagon1SUPPR+34
2259,hqckqgon1SUPPR+34
2260,hackagon1SUPPR+24
2261,hackqgon1SUPPR+24
2262,hqckagon1SUPPR+24
2263,hqckqgon1SUPPR+24
2264,backwgon1034
2265,bqckwgon1034
2266,backwgon1024
2267,bqckwgon1024
2268,hackwgon1034
2269,hqckwgon1034
2270,hackwgon1024
2271,hqckwgon1024
2272,backwgon1SUPPR+34
2273,bqckwgon1SUPPR+34
2274,backwgon1SUPPR+24
2275,bqckwgon1SUPPR+24
2276,hackwgon1SUPPR+34
2277,hqckwgon1SUPPR+34
2278,hackwgon1SUPPR+24
2279,hqckwgon1SUPPR+24
2280,bwckagon1034
2281,bwckqgon1034
2282,bwckagon1024
2283,bwckqgon1024
2284,hwckagon1034
2285,hwckqgon1034
2286,hwckagon1024
2287,hwckqgon1024
2288,bwckagon1SUPPR+34
2289,bwckqgon1SUPPR+34
2290,bwckagon1SUPPR+24
2291,bwckqgon1SUPPR+24
2292,hwckagon1SUPPR+34
2293,hwckqgon1SUPPR+34
2294,hwckagon1SUPPR+24
2295,hwckqgon1SUPPR+24
2296,bwckwgon1034
2297,bwckwgon1024
2298,hwckwgon1034
2299,hwckwgon1024
2300,bwckwgon1SUPPR+34
2301,bwckwgon1SUPPR+24
2302,hwckwgon1SUPPR+34
2303,hwckwgon1SUPPR+24
2304,backayon1034
2305,backqyon1034
2306,bqckayon1034
2307,bqckqyon1034
2308,backayon1024
2309,backqyon1024
2310,bqckayon1024
2311,bqckqyon1024
2312,hackayon1034
2313,hackqyon1034
2314,hqckayon1034
2315,hqckqyon1034
2316,hackayon1024
2317,hackqyon1024
2318,hqckayon1024
2319,hqckqyon1024
2320,backayon1SUPPR+34
2321,backqyon1SUPPR+34
2322,bqckayon1SUPPR+34
2323,bqckqyon1SUPPR+34
2324,backayon1SUPPR+24
2325,backqyon1SUPPR+24
2326,bqckayon1SUPPR+24
2327,bqckqyon1SUPPR+24
2328,hackayon1SUPPR+34
2329,hackqyon1SUPPR+34
2330,hqckayon1SUPPR+34
2331,hqckqyon1SUPPR+34
2332,hackayon1SUPPR+24
2333,hackqyon1SUPPR+24
2334,hqckayon1SUPPR+24
2335,hqckqyon1SUPPR+24
2336,backwyon1034
2337,bqckwyon1034
2338,backwyon1024
2339,bqckwyon1024
2340,hackwyon1034
2341,hqckwyon1034
2342,hackwyon1024
2343,hqckwyon1024
2344,backwyon1SUPPR+34
2345,bqckwyon1SUPPR+34
2346,backwyon1SUPPR+24
2347,bqckwyon1SUPPR+24
2348,hackwyon1SUPPR+34
2349,hqckwyon1SUPPR+34
2350,hackwyon1SUPPR+24
2351,hqckwyon1SUPPR+24
2352,bwckayon1034
2353,bwckqyon1034
2354,bwckayon1024
2355,bwckqyon1024
2356,hwckayon1034
2357,hwckqyon1034
2358,hwckayon1024
2359,hwckqyon1024
2360,bwckayon1SUPPR+34
2361,bwckqyon1SUPPR+34
2362,bwckayon1SUPPR+24
2363,bwckqyon1SUPPR+24
2364,hwckayon1SUPPR+34
2365,hwckqyon1SUPPR+34
2366,hwckayon1SUPPR+24
2367,hwckqyon1SUPPR+24
2368,bwckwyon1034
2369,bwckwyon1024
2370,hwckwyon1034
2371,hwckwyon1024
2372,bwckwyon1SUPPR+34
2373,bwckwyon1SUPPR+24
2374,hwckwyon1SUPPR+34
2375,hwckwyon1SUPPR+24
2376,backagon3014
2377,backqgon3014
2378,bqckagon3014
2379,bqckqgon3014
2380,backagon2014
2381,backqgon2014
2382,bqckagon2014
2383,bqckqgon2014
2384,hackagon3014
2385,hackqgon3014
2386,hqckagon3014
2387,hqckqgon3014
2388,hackagon2014
2389,hackqgon2014
2390,hqckagon2014
2391,hqckqgon2014
2392,backagon3SUPPR+14
2393,backqgon3SUPPR+14
2394,bqckagon3SUPPR+14
2395,bqckqgon3SUPPR+14
2396,backagon2SUPPR+14
2397,backqgon2SUPPR+14
2398,bqckagon2SUPPR+14
2399,bqckqgon2SUPPR+14
2400,hackagon3SUPPR+14
2401,hackqgon3SUPPR+14
2402,hqckagon3SUPPR+14
2403,hqckqgon3SUPPR+14
2404,hackagon2SUPPR+14
2405,hackqgon2SUPPR+14
2406,hqckagon2SUPPR+14
2407,hqckqgon2SUPPR+14
2408,backwgon3014
2409,bqckwgon3014
2410,backwgon2014
2411,bqckwgon2014
2412,hackwgon3014
2413,hqckwgon3014
2414,hackwgon2014
2415,hqckwgon2014
2416,backwgon3SUPPR+14
2417,bqckwgon3SUPPR+14
2418,backwgon2SUPPR+14
2419,bqckwgon2SUPPR+14
2420,hackwgon3SUPPR+14
2421,hqckwgon3SUPPR+14
2422,hackwgon2SUPPR+14
2423,hqckwgon2SUPPR+14
2424,bwckagon3014
2425,bwckqgon3014
2426,bwckagon2014
2427,bwckqgon2014
2428,hwckagon3014
2429,hwckqgon3014
2430,hwckagon2014
2431,hwckqgon2014
2432,bwckagon3SUPPR+14
2433,bwckqgon3SUPPR+14
2434,bwckagon2SUPPR+14
2435,bwckqgon2SUPPR+14
2436,hwckagon3SUPPR+14
2437,hwckqgon3SUPPR+14
2438,hwckagon2SUPPR+14
2439,hwckqgon2SUPPR+14
2440,bwckwgon3014
2441,bwckwgon2014
2442,hwckwgon3014
2443,hwckwgon2014
2444,bwckwgon3SUPPR+14
2445,bwckwgon2SUPPR+14
2446,hwckwgon3SUPPR+14
2447,hwckwgon2SUPPR+14
2448,backayon3014
2449,backqyon3014
2450,bqckayon3014
2451,bqckqyon3014
2452,backayon2014
2453,backqyon2014
2454,bqckayon2014
2455,bqckqyon2014
2456,hackayon3014
2457,hackqyon3014
2458,hqckayon3014
2459,hqckqyon3014
2460,hackayon2014
2461,hackqyon2014
2462,hqckayon2014
2463,hqckqyon2014
2464,backayon3SUPPR+14
2465,backqyon3SUPPR+14
2466,bqckayon3SUPPR+14
2467,bqckqyon3SUPPR+14
2468,backayon2SUPPR+14
2469,backqyon2SUPPR+14
2470,bqckayon2SUPPR+14
2471,bqckqyon2SUPPR+14
2472,hackayon3SUPPR+14
2473,hackqyon3SUPPR+14
2474,hqckayon3SUPPR+14
2475,hqckqyon3SUPPR+14
2476,hackayon2SUPPR+14
2477,hackqyon2SUPPR+14
2478,hqckayon2SUPPR+14
2479,hqckqyon2SUPPR+14
2480,backwyon3014
2481,bqckwyon3014
2482,backwyon2014
2483,bqckwyon2014
2484,hackwyon3014
2485,hqckwyon3014
2486,hackwyon2014
2487,hqckwyon2014
2488,backwyon3SUPPR+14
2489,bqckwyon3SUPPR+14
2490,backwyon2SUPPR+14
2491,bqckwyon2SUPPR+14
2492,hackwyon3SUPPR+14
2493,hqckwyon3SUPPR+14
2494,hackwyon2SUPPR+14
2495,hqckwyon2SUPPR+14
2496,bwckayon3014
2497,bwckqyon3014
2498,bwckayon2014
2499,bwckqyon2014
2500,hwckayon3014
2501,hwckqyon3014
2502,hwckayon2014
2503,hwckqyon2014
2504,bwckayon3SUPPR+14
2505,bwckqyon3SUPPR+14
2506,bwckayon2SUPPR+14
2507,bwckqyon2SUPPR+14
2508,hwckayon3SUPPR+14
2509,hwckqyon3SUPPR+14
2510,hwckayon2SUPPR+14
2511,hwckqyon2SUPPR+14
2512,bwckwyon3014
2513,bwckwyon2014
2514,hwckwyon3014
2515,hwckwyon2014
2516,bwckwyon3SUPPR+14
2517,bwckwyon2SUPPR+14
2518,hwckwyon3SUPPR+14
2519,hwckwyon2SUPPR+14
2520,backagon1014
2521,backqgon1014
2522,bqckagon1014
2523,bqckqgon1014
2524,hackagon1014
2525,hackqgon1014
2526,hqckagon1014
2527,hqckqgon1014
2528,backagon1SUPPR+14
2529,backqgon1SUPPR+14
2530,bqckagon1SUPPR+14
2531,bqckqgon1SUPPR+14
2532,hackagon1SUPPR+14
2533,hackqgon1SUPPR+14
2534,hqckagon1SUPPR+14
2535,hqckqgon1SUPPR+14
2536,backwgon1014
2537,bqckwgon1014
2538,hackwgon1014
2539,hqckwgon1014
2540,backwgon1SUPPR+14
2541,bqckwgon1SUPPR+14
2542,hackwgon1SUPPR+14
2543,hqckwgon1SUPPR+14
2544,bwckagon1014
2545,bwckqgon1014
2546,hwckagon1014
2547,hwckqgon1014
2548,bwckagon1SUPPR+14
2549,bwckqgon1SUPPR+14
2550,hwckagon1SUPPR+14
2551,hwckqgon1SUPPR+14
2552,bwckwgon1014
2553,hwckwgon1014
2554,bwckwgon1SUPPR+14
2555,hwckwgon1SUPPR+14
2556,backayon1014
2557,backqyon1014
2558,bqckayon1014
2559,bqckqyon1014
2560,hackayon1014
2561,hackqyon1014
2562,hqckayon1014
2563,hqckqyon1014
2564,backayon1SUPPR+14
2565,backqyon1SUPPR+14
2566,bqckayon1SUPPR+14
2567,bqckqyon1SUPPR+14
2568,hackayon1SUPPR+14
2569,hackqyon1SUPPR+14
2570,hqckayon1SUPPR+14
2571,hqckqyon1SUPPR+14
2572,backwyon1014
2573,bqckwyon1014
2574,hackwyon1014
2575,hqckwyon1014
2576,backwyon1SUPPR+14
2577,bqckwyon1SUPPR+14
2578,hackwyon1SUPPR+14
2579,hqckwyon1SUPPR+14
2580,bwckayon1014
2581,bwckqyon1014
2582,hwckayon1014
2583,hwckqyon1014
2584,bwckayon1SUPPR+14
2585,bwckqyon1SUPPR+14
2586,hwckayon1SUPPR+14
2587,hwckqyon1SUPPR+14
2588,bwckwyon1014
2589,hwckwyon1014
2590,bwckwyon1SUPPR+14
2591,hwckwyon1SUPPR+14
2592,backaton3033
2593,backqton3033
2594,bqckaton3033
2595,bqckqton3033
2596,backaton2033
2597,backqton2033
2598,bqckaton2033
2599,bqckqton2033
2600,backaton3023
2601,backqton3023
2602,bqckaton3023
2603,bqckqton3023
2604,backaton2023
2605,backqton2023
2606,bqckaton2023
2607,bqckqton2023
2608,backaton3032
2609,backqton3032
2610,bqckaton3032
2611,bqckqton3032
2612,backaton2032
2613,backqton2032
2614,bqckaton2032
2615,bqckqton2032
2616,backaton3022
2617,backqton3022
2618,bqckaton3022
2619,bqckqton3022
2620,backaton2022
2621,backqton2022
2622,bqckaton2022
2623,bqckqton2022
2624,hackaton3033
2625,hackqton3033
2626,hqckaton3033
2627,hqckqton3033
2628,hackaton2033
2629,hackqton2033
2630,hqckaton2033
2631,hqckqton2033
2632,hackaton3023
2633,hackqton3023
2634,hqckaton3023
2635,hqckqton3023
2636,hackaton2023
2637,hackqton2023
2638,hqckaton2023
2639,hqckqton2023
2640,hackaton3032
2641,hackqton3032
2642,hqckaton3032
2643,hqckqton3032
2644,hackaton2032
2645,hackqton2032
2646,hqckaton2032
2647,hqckqton2032
2648,hackaton3022
2649,hackqton3022
2650,hqckaton3022
2651,hqckqton3022
2652,hackaton2022
2653,hackqton2022
2654,hqckaton2022
2655,hqckqton2022
2656,backaton3SUPPR+33
2657,backqton3SUPPR+33
2658,bqckaton3SUPPR+33
2659,bqckqton3SUPPR+33
2660,backaton2SUPPR+33
2661,backqton2SUPPR+33
2662,bqckaton2SUPPR+33
2663,bqckqton2SUPPR+33
2664,backaton3SUPPR+23
2665,backqton3SUPPR+23
2666,bqckaton3SUPPR+23
2667,bqckqton3SUPPR+23
2668,backaton2SUPPR+23
2669,backqton2SUPPR+23
2670,bqckaton2SUPPR+23
2671,bqckqton2SUPPR+23
2672,backaton3SUPPR+32
2673,backqton3SUPPR+32
2674,bqckaton3SUPPR+32
2675,bqckqton3SUPPR+32
2676,backaton2SUPPR+32
2677,backqton2SUPPR+32
2678,bqckaton2SUPPR+32
2679,bqckqton2SUPPR+32
2680,backaton3SUPPR+22
2681,backqton3SUPPR+22
2682,bqckaton3SUPPR+22
2683,bqckqton3SUPPR+22
2684,backaton2SUPPR+22
2685,backqton2SUPPR+22
2686,bqckaton2SUPPR+22
2687,bqckqton2SUPPR+22
2688,hackaton3SUPPR+33
2689,hackqton3SUPPR+33
2690,hqckaton3SUPPR+33
2691,hqckqton3SUPPR+33
2692,hackaton2SUPPR+33
2693,hackqton2SUPPR+33
2694,hqckaton2SUPPR+33
2695,hqckqton2SUPPR+33
2696,hackaton3SUPPR+23
2697,hackqton3SUPPR+23
2698,hqckaton3SUPPR+23
2699,hqckqton3SUPPR+23
2700,hackaton2SUPPR+23
2701,hackqton2SUPPR+23
2702,hqckaton2SUPPR+23
2703,hqckqton2SUPPR+23
2704,hackaton3SUPPR+32
2705,hackqton3SUPPR+32
2706,hqckaton3SUPPR+32
2707,hqckqton3SUPPR+32
2708,hackaton2SUPPR+32
2709,hackqton2SUPPR+32
2710,hqckaton2SUPPR+32
2711,hqckqton2SUPPR+32
2712,hackaton3SUPPR+22
2713,hackqton3SUPPR+22
2714,hqckaton3SUPPR+22
2715,hqckqton3SUPPR+22
2716,hackaton2SUPPR+22
2717,hackqton2SUPPR+22
2718,hqckaton2SUPPR+22
2719,hqckqton2SUPPR+22
2720,backaton3031
2721,backqton3031
2722,bqckaton3031
2723,bqckqton3031
2724,backaton2031
2725,backqton2031
2726,bqckaton2031
2727,bqckqton2031
2728,backaton3021
2729,backqton3021
2730,bqckaton3021
2731,bqckqton3021
2732,backaton2021
2733,backqton2021
2734,bqckaton2021
2735,bqckqton2021
2736,hackaton3031
2737,hackqton3031
2738,hqckaton3031
2739,hqckqton3031
2740,hackaton2031
2741,hackqton2031
2742,hqckaton2031
2743,hqckqton2031
2744,hackaton3021
2745,hackqton3021
2746,hqckaton3021
2747,hqckqton3021
2748,hackaton2021
2749,hackqton2021
2750,hqckaton2021
2751,hqckqton2021
2752,backaton3SUPPR+31
2753,backqton3SUPPR+31
2754,bqckaton3SUPPR+31
2755,bqckqton3SUPPR+31
2756,backaton2SUPPR+31
2757,backqton2SUPPR+31
2758,bqckaton2SUPPR+31
2759,bqckqton2SUPPR+31
2760,backaton3SUPPR+21
2761,backqton3SUPPR+21
2762,bqckaton3SUPPR+21
2763,bqckqton3SUPPR+21
2764,backaton2SUPPR+21
2765,backqton2SUPPR+21
2766,bqckaton2SUPPR+21
2767,bqckqton2SUPPR+21
2768,hackaton3SUPPR+31
2769,hackqton3SUPPR+31
2770,hqckaton3SUPPR+31
2771,hqckqton3SUPPR+31
2772,hackaton2SUPPR+31
2773,hackqton2SUPPR+31
2774,hqckaton2SUPPR+31
2775,hqckqton2SUPPR+31
2776,hackaton3SUPPR+21
2777,hackqton3SUPPR+21
2778,hqckaton3SUPPR+21
2779,hqckqton3SUPPR+21
2780,hackaton2SUPPR+21
2781,hackqton2SUPPR+21
2782,hqckaton2SUPPR+21
2783,hqckqton2SUPPR+21
2784,backwton3033
2785,bqckwton3033
2786,backwton2033
2787,bqckwton2033
2788,backwton3023
2789,bqckwton3023
2790,backwton2023
2791,bqckwton2023
2792,backwton3032
2793,bqckwton3032
2794,backwton2032
2795,bqckwton2032
2796,backwton3022
2797,bqckwton3022
2798,backwton2022
2799,bqckwton2022
2800,hackwton3033
2801,hqckwton3033
2802,hackwton2033
2803,hqckwton2033
2804,hackwton3023
2805,hqckwton3023
2806,hackwton2023
2807,hqckwton2023
2808,hackwton3032
2809,hqckwton3032
2810,hackwton2032
2811,hqckwton2032
2812,hackwton3022
2813,hqckwton3022
2814,hackwton2022
2815,hqckwton2022
2816,backwton3SUPPR+33
2817,bqckwton3SUPPR+33
2818,backwton2SUPPR+33
2819,bqckwton2SUPPR+33
2820,backwton3SUPPR+23
2821,bqckwton3SUPPR+23
2822,backwton2SUPPR+23
2823,bqckwton2SUPPR+23
2824,backwton3SUPPR+32
2825,bqckwton3SUPPR+32
2826,backwton2SUPPR+32
2827,bqckwton2SUPPR+32
2828,backwton3SUPPR+22
2829,bqckwton3SUPPR+22
2830,backwton2SUPPR+22
2831,bqckwton2SUPPR+22
2832,hackwton3SUPPR+33
2833,hqckwton3SUPPR+33
2834,hackwton2SUPPR+33
2835,hqckwton2SUPPR+33
2836,hackwton3SUPPR+23
2837,hqckwton3SUPPR+23
2838,hackwton2SUPPR+23
2839,hqckwton2SUPPR+23
2840,hackwton3SUPPR+32
2841,hqckwton3SUPPR+32
2842,hackwton2SUPPR+32
2843,hqckwton2SUPPR+32
2844,hackwton3SUPPR+22
2845,hqckwton3SUPPR+22
2846,hackwton2SUPPR+22
2847,hqckwton2SUPPR+22
2848,backwton3031
2849,bqckwton3031
2850,backwton2031
2851,bqckwton2031
2852,backwton3021
2853,bqckwton3021
2854,backwton2021
2855,bqckwton2021
2856,hackwton3031
2857,hqckwton3031
2858,hackwton2031
2859,hqckwton2031
2860,hackwton3021
2861,hqckwton3021
2862,hackwton2021
2863,hqckwton2021
2864,backwton3SUPPR+31
2865,bqckwton3SUPPR+31
2866,backwton2SUPPR+31
2867,bqckwton2SUPPR+31
2868,backwton3SUPPR+21
2869,bqckwton3SUPPR+21
2870,backwton2SUPPR+21
2871,bqckwton2SUPPR+21
2872,hackwton3SUPPR+31
2873,hqckwton3SUPPR+31
2874,hackwton2SUPPR+31
2875,hqckwton2SUPPR+31
2876,hackwton3SUPPR+21
2877,hqckwton3SUPPR+21
2878,hackwton2SUPPR+21
2879,hqckwton2SUPPR+21
2880,bwckaton3033
2881,bwckqton3033
2882,bwckaton2033
2883,bwckqton2033
2884,bwckaton3023
2885,bwckqton3023
2886,bwckaton2023
2887,bwckqton2023
2888,bwckaton3032
2889,bwckqton3032
2890,bwckaton2032
2891,bwckqton2032
2892,bwckaton3022
2893,bwckqton3022
2894,bwckaton2022
2895,bwckqton2022
2896,hwckaton3033
2897,hwckqton3033
2898,hwckaton2033
2899,hwckqton2033
2900,hwckaton3023
2901,hwckqton3023
2902,hwckaton2023
2903,hwckqton2023
2904,hwckaton3032
2905,hwckqton3032
2906,hwckaton2032
2907,hwckqton2032
2908,hwckaton3022
2909,hwckqton3022
2910,hwckaton2022
2911,hwckqton2022
2912,bwckaton3SUPPR+33
2913,bwckqton3SUPPR+33
2914,bwckaton2SUPPR+33
2915,bwckqton2SUPPR+33
2916,bwckaton3SUPPR+23
2917,bwckqton3SUPPR+23
2918,bwckaton2SUPPR+23
2919,bwckqton2SUPPR+23
2920,bwckaton3SUPPR+32
2921,bwckqton3SUPPR+32
2922,bwckaton2SUPPR+32
2923,bwckqton2SUPPR+32
2924,bwckaton3SUPPR+22
2925,bwckqton3SUPPR+22
2926,bwckaton2SUPPR+22
2927,bwckqton2SUPPR+22
2928,hwckaton3SUPPR+33
2929,hwckqton3SUPPR+33
2930,hwckaton2SUPPR+33
2931,hwckqton2SUPPR+33
2932,hwckaton3SUPPR+23
2933,hwckqton3SUPPR+23
2934,hwckaton2SUPPR+23
2935,hwckqton2SUPPR+23
2936,hwckaton3SUPPR+32
2937,hwckqton3SUPPR+32
2938,hwckaton2SUPPR+32
2939,hwckqton2SUPPR+32
2940,hwckaton3SUPPR+22
2941,hwckqton3SUPPR+22
2942,hwckaton2SUPPR+22
2943,hwckqton2SUPPR+22
2944,bwckaton3031
2945,bwckqton3031
2946,bwckaton2031
2947,bwckqton2031
2948,bwckaton3021
2949,bwckqton3021
2950,bwckaton2021
2951,bwckqton2021
2952,hwckaton3031
2953,hwckqton3031
2954,hwckaton2031
2955,hwckqton2031
2956,hwckaton3021
2957,hwckqton3021
2958,hwckaton2021
2959,hwckqton2021
2960,bwckaton3SUPPR+31
2961,bwckqton3SUPPR+31
2962,bwckaton2SUPPR+31
2963,bwckqton2SUPPR+31
2964,bwckaton3SUPPR+21
2965,bwckqton3SUPPR+21
2966,bwckaton2SUPPR+21
2967,bwckqton2SUPPR+21
2968,hwckaton3SUPPR+31
2969,hwckqton3SUPPR+31
2970,hwckaton2SUPPR+31
2971,hwckqton2SUPPR+31
2972,hwckaton3SUPPR+21
2973,hwckqton3SUPPR+21
2974,hwckaton2SUPPR+21
2975,hwckqton2SUPPR+21
2976,bwckwton3033
2977,bwckwton2033
2978,bwckwton3023
2979,bwckwton2023
2980,bwckwton3032
2981,bwckwton2032
2982,bwckwton3022
2983,bwckwton2022
2984,hwckwton3033
2985,hwckwton2033
2986,hwckwton3023
2987,hwckwton2023
2988,hwckwton3032
2989,hwckwton2032
2990,hwckwton3022
2991,hwckwton2022
2992,bwckwton3SUPPR+33
2993,bwckwton2SUPPR+33
2994,bwckwton3SUPPR+23
2995,bwckwton2SUPPR+23
2996,bwckwton3SUPPR+32
2997,bwckwton2SUPPR+32
2998,bwckwton3SUPPR+22
2999,bwckwton2SUPPR+22
3000,hwckwton3SUPPR+33
3001,hwckwton2SUPPR+33
3002,hwckwton3SUPPR+23
3003,hwckwton2SUPPR+23
3004,hwckwton3SUPPR+32
3005,hwckwton2SUPPR+32
3006,hwckwton3SUPPR+22
3007,hwckwton2SUPPR+22
3008,bwckwton3031
3009,bwckwton2031
3010,bwckwton3021
3011,bwckwton2021
3012,hwckwton3031
3013,hwckwton2031
3014,hwckwton3021
3015,hwckwton2021
3016,bwckwton3SUPPR+31
3017,bwckwton2SUPPR+31
3018,bwckwton3SUPPR+21
3019,bwckwton2SUPPR+21
3020,hwckwton3SUPPR+31
3021,hwckwton2SUPPR+31
3022,hwckwton3SUPPR+21
3023,hwckwton2SUPPR+21
3024,backaton1033
3025,backqton1033
3026,bqckaton1033
3027,bqckqton1033
3028,backaton1023
3029,backqton1023
3030,bqckaton1023
3031,bqckqton1023
3032,backaton1032
3033,backqton1032
3034,bqckaton1032
3035,bqckqton1032
3036,backaton1022
3037,backqton1022
3038,bqckaton1022
3039,bqckqton1022
3040,hackaton1033
3041,hackqton1033
3042,hqckaton1033
3043,hqckqton1033
3044,hackaton1023
3045,hackqton1023
3046,hqckaton1023
3047,hqckqton1023
3048,hackaton1032
3049,hackqton1032
3050,hqckaton1032
3051,hqckqton1032
3052,hackaton1022
3053,hackqton1022
3054,hqckaton1022
3055,hqckqton1022
3056,backaton1SUPPR+33
3057,backqton1SUPPR+33
3058,bqckaton1SUPPR+33
3059,bqckqton1SUPPR+33
3060,backaton1SUPPR+23
3061,backqton1SUPPR+23
3062,bqckaton1SUPPR+23
3063,bqckqton1SUPPR+23
3064,backaton1SUPPR+32
3065,backqton1SUPPR+32
3066,bqckaton1SUPPR+32
3067,bqckqton1SUPPR+32
3068,backaton1SUPPR+22
3069,backqton1SUPPR+22
3070,bqckaton1SUPPR+22
3071,bqckqton1SUPPR+22
3072,hackaton1SUPPR+33
3073,hackqton1SUPPR+33
3074,hqckaton1SUPPR+33
3075,hqckqton1SUPPR+33
3076,hackaton1SUPPR+23
3077,hackqton1SUPPR+23
3078,hqckaton1SUPPR+23
3079,hqckqton1SUPPR+23
3080,hackaton1SUPPR+32
3081,hackqton1SUPPR+32
3082,hqckaton1SUPPR+32
3083,hqckqton1SUPPR+32
3084,hackaton1SUPPR+22
3085,hackqton1SUPPR+22
3086,hqckaton1SUPPR+22
3087,hqckqton1SUPPR+22
3088,backaton1031
3089,backqton1031
3090,bqckaton1031
3091,bqckqton1031
3092,backaton1021
3093,backqton1021
3094,bqckaton1021
3095,bqckqton1021
3096,hackaton1031
3097,hackqton1031
3098,hqckaton1031
3099,hqckqton1031
3100,hackaton1021
3101,hackqton1021
3102,hqckaton1021
3103,hqckqton1021
3104,backaton1SUPPR+31
3105,backqton1SUPPR+31
3106,bqckaton1SUPPR+31
3107,bqckqton1SUPPR+31
3108,backaton1SUPPR+21
3109,backqton1SUPPR+21
3110,bqckaton1SUPPR+21
3111,bqckqton1SUPPR+21
3112,hackaton1SUPPR+31
3113,hackqton1SUPPR+31
3114,hqckaton1SUPPR+31
3115,hqckqton1SUPPR+31
3116,hackaton1SUPPR+21
3117,hackqton1SUPPR+21
3118,hqckaton1SUPPR+21
3119,hqckqton1SUPPR+21
3120,backwton1033
3121,bqckwton1033
3122,backwton1023
3123,bqckwton1023
3124,backwton1032
3125,bqckwton1032
3126,backwton1022
3127,bqckwton1022
3128,hackwton1033
3129,hqckwton1033
3130,hackwton1023
3131,hqckwton1023
3132,hackwton1032
3133,hqckwton1032
3134,hackwton1022
3135,hqckwton1022
3136,backwton1SUPPR+33
3137,bqckwton1SUPPR+33
3138,backwton1SUPPR+23
3139,bqckwton1SUPPR+23
3140,backwton1SUPPR+32
3141,bqckwton1SUPPR+32
3142,backwton1SUPPR+22
3143,bqckwton1SUPPR+22
3144,hackwton1SUPPR+33
3145,hqckwton1SUPPR+33
3146,hackwton1SUPPR+23
3147,hqckwton1SUPPR+23
3148,hackwton1SUPPR+32
3149,hqckwton1SUPPR+32
3150,hackwton1SUPPR+22
3151,hqckwton1SUPPR+22
3152,backwton1031
3153,bqckwton1031
3154,backwton1021
3155,bqckwton1021
3156,hackwton1031
3157,hqckwton1031
3158,hackwton1021
3159,hqckwton1021
3160,backwton1SUPPR+31
3161,bqckwton1SUPPR+31
3162,backwton1SUPPR+21
3163,bqckwton1SUPPR+21
3164,hackwton1SUPPR+31
3165,hqckwton1SUPPR+31
3166,hackwton1SUPPR+21
3167,hqckwton1SUPPR+21
3168,bwckaton1033
3169,bwckqton1033
3170,bwckaton1023
3171,bwckqton1023
3172,bwckaton1032
3173,bwckqton1032
3174,bwckaton1022
3175,bwckqton1022
3176,hwckaton1033
3177,hwckqton1033
3178,hwckaton1023
3179,hwckqton1023
3180,hwckaton1032
3181,hwckqton1032
3182,hwckaton1022
3183,hwckqton1022
3184,bwckaton1SUPPR+33
3185,bwckqton1SUPPR+33
3186,bwckaton1SUPPR+23
3187,bwckqton1SUPPR+23
3188,bwckaton1SUPPR+32
3189,bwckqton1SUPPR+32
3190,bwckaton1SUPPR+22
3191,bwckqton1SUPPR+22
3192,hwckaton1SUPPR+33
3193,hwckqton1SUPPR+33
3194,hwckaton1SUPPR+23
3195,hwckqton1SUPPR+23
3196,hwckaton1SUPPR+32
3197,hwckqton1SUPPR+32
3198,hwckaton1SUPPR+22
3199,hwckqton1SUPPR+22
3200,bwckaton1031
3201,bwckqton1031
3202,bwckaton1021
3203,bwckqton1021
3204,hwckaton1031
3205,hwckqton1031
3206,hwckaton1021
3207,hwckqton1021
3208,bwckaton1SUPPR+31
3209,bwckqton1SUPPR+31
3210,bwckaton1SUPPR+21
3211,bwckqton1SUPPR+21
3212,hwckaton1SUPPR+31
3213,hwckqton1SUPPR+31
3214,hwckaton1SUPPR+21
3215,hwckqton1SUPPR+21
3216,bwckwton1033
3217,bwckwton1023
3218,bwckwton1032
3219,bwckwton1022
3220,hwckwton1033
3221,hwckwton1023
3222,hwckwton1032
3223,hwckwton1022
3224,bwckwton1SUPPR+33
3225,bwckwton1SUPPR+23
3226,bwckwton1SUPPR+32
3227,bwckwton1SUPPR+22
3228,hwckwton1SUPPR+33
3229,hwckwton1SUPPR+23
3230,hwckwton1SUPPR+32
3231,hwckwton1SUPPR+22
3232,bwckwton1031
3233,bwckwton1021
3234,hwckwton1031
3235,hwckwton1021
3236,bwckwton1SUPPR+31
3237,bwckwton1SUPPR+21
3238,hwckwton1SUPPR+31
3239,hwckwton1SUPPR+21
3240,backaton3013
3241,backqton3013
3242,bqckaton3013
3243,bqckqton3013
3244,backaton2013
3245,backqton2013
3246,bqckaton2013
3247,bqckqton2013
3248,backaton3012
3249,backqton3012
3250,bqckaton3012
3251,bqckqton3012
3252,backaton2012
3253,backqton2012
3254,bqckaton2012
3255,bqckqton2012
3256,hackaton3013
3257,hackqton3013
3258,hqckaton3013
3259,hqckqton3013
3260,hackaton2013
3261,hackqton2013
3262,hqckaton2013
3263,hqckqton2013
3264,hackaton3012
3265,hackqton3012
3266,hqckaton3012
3267,hqckqton3012
3268,hackaton2012
3269,hackqton2012
3270,hqckaton2012
3271,hqckqton2012
3272,backaton3SUPPR+13
3273,backqton3SUPPR+13
3274,bqckaton3SUPPR+13
3275,bqckqton3SUPPR+13
3276,backaton2SUPPR+13
3277,backqton2SUPPR+13
3278,bqckaton2SUPPR+13
3279,bqckqton2SUPPR+13
3280,backaton3SUPPR+12
3281,backqton3SUPPR+12
3282,bqckaton3SUPPR+12
3283,bqckqton3SUPPR+12
3284,backaton2SUPPR+12
3285,backqton2SUPPR+12
3286,bqckaton2SUPPR+12
3287,bqckqton2SUPPR+12
3288,hackaton3SUPPR+13
3289,hackqton3SUPPR+13
3290,hqckaton3SUPPR+13
3291,hqckqton3SUPPR+13
3292,hackaton2SUPPR+13
3293,hackqton2SUPPR+13
3294,hqckaton2SUPPR+13
3295,hqckqton2SUPPR+13
3296,hackaton3SUPPR+12
3297,hackqton3SUPPR+12
3298,hqckaton3SUPPR+12
3299,hqckqton3SUPPR+12
3300,hackaton2SUPPR+12
3301,hackqton2SUPPR+12
3302,hqckaton2SUPPR+12
3303,hqckqton2SUPPR+12
3304,backaton3011
3305,backqton3011
3306,bqckaton3011
3307,bqckqton3011
3308,backaton2011
3309,backqton2011
3310,bqckaton2011
3311,bqckqton2011
3312,hackaton3011
3313,hackqton3011
3314,hqckaton3011
3315,hqckqton3011
3316,hackaton2011
3317,hackqton2011
3318,hqckaton2011
3319,hqckqton2011
3320,backaton3SUPPR+11
3321,backqton3SUPPR+11
3322,bqckaton3SUPPR+11
3323,bqckqton3SUPPR+11
3324,backaton2SUPPR+11
3325,backqton2SUPPR+11
3326,bqckaton2SUPPR+11
3327,bqckqton2SUPPR+11
3328,hackaton3SUPPR+11
3329,hackqton3SUPPR+11
3330,hqckaton3SUPPR+11
3331,hqckqton3SUPPR+11
3332,hackaton2SUPPR+11
3333,hackqton2SUPPR+11
3334,hqckaton2SUPPR+11
3335,hqckqton2SUPPR+11
3336,backwton3013
3337,bqckwton3013
3338,backwton2013
3339,bqckwton2013
3340,backwton3012
3341,bqckwton3012
3342,backwton2012
3343,bqckwton2012
3344,hackwton3013
3345,hqckwton3013
3346,hackwton2013
3347,hqckwton2013
3348,hackwton3012
3349,hqckwton3012
3350,hackwton2012
3351,hqckwton2012
3352,backwton3SUPPR+13
3353,bqckwton3SUPPR+13
3354,backwton2SUPPR+13
3355,bqckwton2SUPPR+13
3356,backwton3SUPPR+12
3357,bqckwton3SUPPR+12
3358,backwton2SUPPR+12
3359,bqckwton2SUPPR+12
3360,hackwton3SUPPR+13
3361,hqckwton3SUPPR+13
3362,hackwton2SUPPR+13
3363,hqckwton2SUPPR+13
3364,hackwton3SUPPR+12
3365,hqckwton3SUPPR+12
3366,hackwton2SUPPR+12
3367,hqckwton2SUPPR+12
3368,backwton3011
3369,bqckwton3011
3370,backwton2011
3371,bqckwton2011
3372,hackwton3011
3373,hqckwton3011
3374,hackwton2011
3375,hqckwton2011
3376,backwton3SUPPR+11
3377,bqckwton3SUPPR+11
3378,backwton2SUPPR+11
3379,bqckwton2SUPPR+11
3380,hackwton3SUPPR+11
3381,hqckwton3SUPPR+11
3382,hackwton2SUPPR+11
3383,hqckwton2SUPPR+11
3384,bwckaton3013
3385,bwckqton3013
3386,bwckaton2013
3387,bwckqton2013
3388,bwckaton3012
3389,bwckqton3012
3390,bwckaton2012
3391,bwckqton2012
3392,hwckaton3013
3393,hwckqton3013
3394,hwckaton2013
3395,hwckqton2013
3396,hwckaton3012
3397,hwckqton3012
3398,hwckaton2012
3399,hwckqton2012
3400,bwckaton3SUPPR+13
3401,bwckqton3SUPPR+13
3402,bwckaton2SUPPR+13
3403,bwckqton2SUPPR+13
3404,bwckaton3SUPPR+12
3405,bwckqton3SUPPR+12
3406,bwckaton2SUPPR+12
3407,bwckqton2SUPPR+12
3408,hwckaton3SUPPR+13
3409,hwckqton3SUPPR+13
3410,hwckaton2SUPPR+13
3411,hwckqton2SUPPR+13
3412,hwckaton3SUPPR+12
3413,hwckqton3SUPPR+12
3414,hwckaton2SUPPR+12
3415,hwckqton2SUPPR+12
3416,bwckaton3011
3417,bwckqton3011
3418,bwckaton2011
3419,bwckqton2011
3420,hwckaton3011
3421,hwckqton3011
3422,hwckaton2011
3423,hwckqton2011
3424,bwckaton3SUPPR+11
3425,bwckqton3SUPPR+11
3426,bwckaton2SUPPR+11
3427,bwckqton2SUPPR+11
3428,hwckaton3SUPPR+11
3429,hwckqton3SUPPR+11
3430,hwckaton2SUPPR+11
3431,hwckqton2SUPPR+11
3432,bwckwton3013
3433,bwckwton2013
3434,bwckwton3012
3435,bwckwton2012
3436,hwckwton3013
3437,hwckwton2013
3438,hwckwton3012
3439,hwckwton2012
3440,bwckwton3SUPPR+13
3441,bwckwton2SUPPR+13
3442,bwckwton3SUPPR+12
3443,bwckwton2SUPPR+12
3444,hwckwton3SUPPR+13
3445,hwckwton2SUPPR+13
3446,hwckwton3SUPPR+12
3447,hwckwton2SUPPR+12
3448,bwckwton3011
3449,bwckwton2011
3450,hwckwton3011
3451,hwckwton2011
3452,bwckwton3SUPPR+11
3453,bwckwton2SUPPR+11
3454,hwckwton3SUPPR+11
3455,hwckwton2SUPPR+11
3456,backaton1013
3457,backqton1013
3458,bqckaton1013
3459,bqckqton1013
3460,backaton1012
3461,backqton1012
3462,bqckaton1012
3463,bqckqton1012
3464,hackaton1013
3465,hackqton1013
3466,hqckaton1013
3467,hqckqton1013
3468,hackaton1012
3469,hackqton1012
3470,hqckaton1012
3471,hqckqton1012
3472,backaton1SUPPR+13
3473,backqton1SUPPR+13
3474,bqckaton1SUPPR+13
3475,bqckqton1SUPPR+13
3476,backaton1SUPPR+12
3477,backqton1SUPPR+12
3478,bqckaton1SUPPR+12
3479,bqckqton1SUPPR+12
3480,hackaton1SUPPR+13
3481,hackqton1SUPPR+13
3482,hqckaton1SUPPR+13
3483,hqckqton1SUPPR+13
3484,hackaton1SUPPR+12
3485,hackqton1SUPPR+12
3486,hqckaton1SUPPR+12
3487,hqckqton1SUPPR+12
3488,backaton1011
3489,backqton1011
3490,bqckaton1011
3491,bqckqton1011
3492,hackaton1011
3493,hackqton1011
3494,hqckaton1011
3495,hqckqton1011
3496,backaton1SUPPR+11
3497,backqton1SUPPR+11
3498,bqckaton1SUPPR+11
3499,bqckqton1SUPPR+11
3500,hackaton1SUPPR+11
3501,hackqton1SUPPR+11
3502,hqckaton1SUPPR+11
3503,hqckqton1SUPPR+11
3504,backwton1013
3505,bqckwton1013
3506,backwton1012
3507,bqckwton1012
3508,hackwton1013
3509,hqckwton1013
3510,hackwton1012
3511,hqckwton1012
3512,backwton1SUPPR+13
3513,bqckwton1SUPPR+13
3514,backwton1SUPPR+12
3515,bqckwton1SUPPR+12
3516,hackwton1SUPPR+13
3517,hqckwton1SUPPR+13
3518,hackwton1SUPPR+12
3519,hqckwton1SUPPR+12
3520,backwton1011
3521,bqckwton1011
3522,hackwton1011
3523,hqckwton1011
3524,backwton1SUPPR+11
3525,bqckwton1SUPPR+11
3526,hackwton1SUPPR+11
3527,hqckwton1SUPPR+11
3528,bwckaton1013
3529,bwckqton1013
3530,bwckaton1012
3531,bwckqton1012
3532,hwckaton1013
3533,hwckqton1013
3534,hwckaton1012
3535,hwckqton1012
3536,bwckaton1SUPPR+13
3537,bwckqton1SUPPR+13
3538,bwckaton1SUPPR+12
3539,bwckqton1SUPPR+12
3540,hwckaton1SUPPR+13
3541,hwckqton1SUPPR+13
3542,hwckaton1SUPPR+12
3543,hwckqton1SUPPR+12
3544,bwckaton1011
3545,bwckqton1011
3546,hwckaton1011
3547,hwckqton1011
3548,bwckaton1SUPPR+11
3549,bwckqton1SUPPR+11
3550,hwckaton1SUPPR+11
3551,hwckqton1SUPPR+11
3552,bwckwton1013
3553,bwckwton1012
3554,hwckwton1013
3555,hwckwton1012
3556,bwckwton1SUPPR+13
3557,bwckwton1SUPPR+12
3558,hwckwton1SUPPR+13
3559,hwckwton1SUPPR+12
3560,bwckwton1011
3561,hwckwton1011
3562,bwckwton1SUPPR+11
3563,hwckwton1SUPPR+11
3564,backaton3034
3565,backqton3034
3566,bqckaton3034
3567,bqckqton3034
3568,backaton2034
3569,backqton2034
3570,bqckaton2034
3571,bqckqton2034
3572,backaton3024
3573,backqton3024
3574,bqckaton3024
3575,bqckqton3024
3576,backaton2024
3577,backqton2024
3578,bqckaton2024
3579,bqckqton2024
3580,hackaton3034
3581,hackqton3034
3582,hqckaton3034
3583,hqckqton3034
3584,hackaton2034
3585,hackqton2034
3586,hqckaton2034
3587,hqckqton2034
3588,hackaton3024
3589,hackqton3024
3590,hqckaton3024
3591,hqckqton3024
3592,hackaton2024
3593,hackqton2024
3594,hqckaton2024
3595,hqckqton2024
3596,backaton3SUPPR+34
3597,backqton3SUPPR+34
3598,bqckaton3SUPPR+34
3599,bqckqton3SUPPR+34
3600,backaton2SUPPR+34
3601,backqton2SUPPR+34
3602,bqckaton2SUPPR+34
3603,bqckqton2SUPPR+34
3604,backaton3SUPPR+24
3605,backqton3SUPPR+24
3606,bqckaton3SUPPR+24
3607,bqckqton3SUPPR+24
3608,backaton2SUPPR+24
3609,backqton2SUPPR+24
3610,bqckaton2SUPPR+24
3611,bqckqton2SUPPR+24
3612,hackaton3SUPPR+34
3613,hackqton3SUPPR+34
3614,hqckaton3SUPPR+34
3615,hqckqton3SUPPR+34
3616,hackaton2SUPPR+34
3617,hackqton2SUPPR+34
3618,hqckaton2SUPPR+34
3619,hqckqton2SUPPR+34
3620,hackaton3SUPPR+24
3621,hackqton3SUPPR+24
3622,hqckaton3SUPPR+24
3623,hqckqton3SUPPR+24
3624,hackaton2SUPPR+24
3625,hackqton2SUPPR+24
3626,hqckaton2SUPPR+24
3627,hqckqton2SUPPR+24
3628,backwton3034
3629,bqckwton3034
3630,backwton2034
3631,bqckwton2034
3632,backwton3024
3633,bqckwton3024
3634,backwton2024
3635,bqckwton2024
3636,hackwton3034
3637,hqckwton3034
3638,hackwton2034
3639,hqckwton2034
3640,hackwton3024
3641,hqckwton3024
3642,hackwton2024
3643,hqckwton2024
3644,backwton3SUPPR+34
3645,bqckwton3SUPPR+34
3646,backwton2SUPPR+34
3647,bqckwton2SUPPR+34
3648,backwton3SUPPR+24
3649,bqckwton3SUPPR+24
3650,backwton2SUPPR+24
3651,bqckwton2SUPPR+24
3652,hackwton3SUPPR+34
3653,hqckwton3SUPPR+34
3654,hackwton2SUPPR+34
3655,hqckwton2SUPPR+34
3656,hackwton3SUPPR+24
3657,hqckwton3SUPPR+24
3658,hackwton2SUPPR+24
3659,hqckwton2SUPPR+24
3660,bwckaton3034
3661,bwckqton3034
3662,bwckaton2034
3663,bwckqton2034
3664,bwckaton3024
3665,bwckqton3024
3666,bwckaton2024
3667,bwckqton2024
3668,hwckaton3034
3669,hwckqton3034
3670,hwckaton2034
3671,hwckqton2034
3672,hwckaton3024
3673,hwckqton3024
3674,hwckaton2024
3675,hwckqton2024
3676,bwckaton3SUPPR+34
3677,bwckqton3SUPPR+34
3678,bwckaton2SUPPR+34
3679,bwckqton2SUPPR+34
3680,bwckaton3SUPPR+24
3681,bwckqton3SUPPR+24
3682,bwckaton2SUPPR+24
3683,bwckqton2SUPPR+24
3684,hwckaton3SUPPR+34
3685,hwckqton3SUPPR+34
3686,hwckaton2SUPPR+34
3687,hwckqton2SUPPR+34
3688,hwckaton3SUPPR+24
3689,hwckqton3SUPPR+24
3690,hwckaton2SUPPR+24
3691,hwckqton2SUPPR+24
3692,bwckwton3034
3693,bwckwton2034
3694,bwckwton3024
3695,bwckwton2024
3696,hwckwton3034
3697,hwckwton2034
3698,hwckwton3024
3699,hwckwton2024
3700,bwckwton3SUPPR+34
3701,bwckwton2SUPPR+34
3702,bwckwton3SUPPR+24
3703,bwckwton2SUPPR+24
3704,hwckwton3SUPPR+34
3705,hwckwton2SUPPR+34
3706,hwckwton3SUPPR+24
3707,hwckwton2SUPPR+24
3708,backaton1034
3709,backqton1034
3710,bqckaton1034
3711,bqckqton1034
3712,backaton1024
3713,backqton1024
3714,bqckaton1024
3715,bqckqton1024
3716,hackaton1034
3717,hackqton1034
3718,hqckaton1034
3719,hqckqton1034
3720,hackaton1024
3721,hackqton1024
3722,hqckaton1024
3723,hqckqton1024
3724,backaton1SUPPR+34
3725,backqton1SUPPR+34
3726,bqckaton1SUPPR+34
3727,bqckqton1SUPPR+34
3728,backaton1SUPPR+24
3729,backqton1SUPPR+24
3730,bqckaton1SUPPR+24
3731,bqckqton1SUPPR+24
3732,hackaton1SUPPR+34
3733,hackqton1SUPPR+34
3734,hqckaton1SUPPR+34
3735,hqckqton1SUPPR+34
3736,hackaton1SUPPR+24
3737,hackqton1SUPPR+24
3738,hqckaton1SUPPR+24
3739,hqckqton1SUPPR+24
3740,backwton1034
3741,bqckwton1034
3742,backwton1024
3743,bqckwton1024
3744,hackwton1034
3745,hqckwton1034
3746,hackwton1024
3747,hqckwton1024
3748,backwton1SUPPR+34
3749,bqckwton1SUPPR+34
3750,backwton1SUPPR+24
3751,bqckwton1SUPPR+24
3752,hackwton1SUPPR+34
3753,hqckwton1SUPPR+34
3754,hackwton1SUPPR+24
3755,hqckwton1SUPPR+24
3756,bwckaton1034
3757,bwckqton1034
3758,bwckaton1024
3759,bwckqton1024
3760,hwckaton1034
3761,hwckqton1034
3762,hwckaton1024
3763,hwckqton1024
3764,bwckaton1SUPPR+34
3765,bwckqton1SUPPR+34
3766,bwckaton1SUPPR+24
3767,bwckqton1SUPPR+24
3768,hwckaton1SUPPR+34
3769,hwckqton1SUPPR+34
3770,hwckaton1SUPPR+24
3771,hwckqton1SUPPR+24
3772,bwckwton1034
3773,bwckwton1024
3774,hwckwton1034
3775,hwckwton1024
3776,bwckwton1SUPPR+34
3777,bwckwton1SUPPR+24
3778,hwckwton1SUPPR+34
3779,hwckwton1SUPPR+24
3780,backaton3014
3781,backqton3014
3782,bqckaton3014
3783,bqckqton3014
3784,backaton2014
3785,backqton2014
3786,bqckaton2014
3787,bqckqton2014
3788,hackaton3014
3789,hackqton3014
3790,hqckaton3014
3791,hqckqton3014
3792,hackaton2014
3793,hackqton2014
3794,hqckaton2014
3795,hqckqton2014
3796,backaton3SUPPR+14
3797,backqton3SUPPR+14
3798,bqckaton3SUPPR+14
3799,bqckqton3SUPPR+14
3800,backaton2SUPPR+14
3801,backqton2SUPPR+14
3802,bqckaton2SUPPR+14
3803,bqckqton2SUPPR+14
3804,hackaton3SUPPR+14
3805,hackqton3SUPPR+14
3806,hqckaton3SUPPR+14
3807,hqckqton3SUPPR+14
3808,hackaton2SUPPR+14
3809,hackqton2SUPPR+14
3810,hqckaton2SUPPR+14
3811,hqckqton2SUPPR+14
3812,backwton3014
3813,bqckwton3014
3814,backwton2014
3815,bqckwton2014
3816,hackwton3014
3817,hqckwton3014
3818,hackwton2014
3819,hqckwton2014
3820,backwton3SUPPR+14
3821,bqckwton3SUPPR+14
3822,backwton2SUPPR+14
3823,bqckwton2SUPPR+14
3824,hackwton3SUPPR+14
3825,hqckwton3SUPPR+14
3826,hackwton2SUPPR+14
3827,hqckwton2SUPPR+14
3828,bwckaton3014
3829,bwckqton3014
3830,bwckaton2014
3831,bwckqton2014
3832,hwckaton3014
3833,hwckqton3014
3834,hwckaton2014
3835,hwckqton2014
3836,bwckaton3SUPPR+14
3837,bwckqton3SUPPR+14
3838,bwckaton2SUPPR+14
3839,bwckqton2SUPPR+14
3840,hwckaton3SUPPR+14
3841,hwckqton3SUPPR+14
3842,hwckaton2SUPPR+14
3843,hwckqton2SUPPR+14
3844,bwckwton3014
3845,bwckwton2014
3846,hwckwton3014
3847,hwckwton2014
3848,bwckwton3SUPPR+14
3849,bwckwton2SUPPR+14
3850,hwckwton3SUPPR+14
3851,hwckwton2SUPPR+14
3852,backaton1014
3853,backqton1014
3854,bqckaton1014
3855,bqckqton1014
3856,hackaton1014
3857,hackqton1014
3858,hqckaton1014
3859,hqckqton1014
3860,backaton1SUPPR+14
3861,backqton1SUPPR+14
3862,bqckaton1SUPPR+14
3863,bqckqton1SUPPR+14
3864,hackaton1SUPPR+14
3865,hackqton1SUPPR+14
3866,hqckaton1SUPPR+14
3867,hqckqton1SUPPR+14
3868,backwton1014
3869,bqckwton1014
3870,hackwton1014
3871,hqckwton1014
3872,backwton1SUPPR+14
3873,bqckwton1SUPPR+14
3874,hackwton1SUPPR+14
3875,hqckwton1SUPPR+14
3876,bwckaton1014
3877,bwckqton1014
3878,hwckaton1014
3879,hwckqton1014
3880,bwckaton1SUPPR+14
3881,bwckqton1SUPPR+14
3882,hwckaton1SUPPR+14
3883,hwckqton1SUPPR+14
3884,bwckwton1014
3885,hwckwton1014
3886,bwckwton1SUPPR+14
3887,hwckwton1SUPPR+14
